ID,File,Transcription,incident_type,injury_severity,victims_count,fire_present,trapped_persons,weapons_involved,hazmat_involved,intent,urgency_human,daira,commune,lieu,location_description,summary,notes_cot,is_synthetic
CALL_0210_Appe,Appelle 55.wav,"Allô? Salam. Essalam. L'protection? Oui, tfe3ed bismilah. Aya sidi, s'da s'Daira n'Sidi Aïch... l'commune n'Sidi Aïch. Berra... l'mkhrej n'l'autoroute... t7araq eddi l'jouwah d'akli. Ina-yo un poteau ch3el di-as l'tmess... m'chaknigh mlih... c'est un début. Ma3lish, at-send-egh l'group. At-send-egh? Okay. Saha tnemirt.",other,none,1.0,yes,no,no,no,report_incident,medium,Sidi Aïch,Sidi Aïch,Sortie de l'autoroute,"jiha sidi aich ,mekhrej n lautouroute",Signalement d'un poteau électrique en feu à la sortie de l'autoroute de Sidi Aïch.,L'appelant utilise 't7araq' (brûle) et 'ch3el' (allumé/en feu) concernant un 'poteau'. Il précise la localisation 'mkhrej n'l'autoroute' (sortie de l'autoroute) à Sidi Aïch. L'incident est classé 'other' car il s'agit d'une infrastructure électrique.,False
CALL_0212_Appe,Appelle 88.wav,"Allo? Allo? l'madania? ness3a yiwn omotin yeghli ayi wahi squat l'quartier Aghuladh, rapider un peu. Anwa squar? Aghuladh, la gendarmerie l'guedgued. Wush la commune? Bgayet? Ay la commune Bgayet, ih. Aghulan nni la gendarmerie? Ih, la gendarmerie El Khemis. Ah, la gendarmerie l'Khemis, ih. Shu n twala? Samot? Taqshisht teghli? Ayya d'accord. Ats t-trufedet... Sub7anallah...",accident_vehicular,unknown,1.0,no,no,no,no,report_incident,high,Béjaïa,Béjaïa,Quartier squar,"dakhil l'quartier squar, la gendarmerie El Khemis","Signalement d'un accident mortel impliquant une moto et une jeune fille dans le quartier  squar à Béjaïa, près de la gendarmerie El Khemis.",L'appelant utilise 'accident mortel' d'emblée. Le terme 'samot' (la moto) et 'taqshisht teghli' (la fille est tombée) indiquent un accident de deux-roues. Le lieu est précisé par ' squar' et le point de repère 'gendarmerie El Khemis'.,False
CALL_0209_Appe,Appelle 26.wav,"Allo? Allo oui. Salam alikum, les pompiers ? Na3am. Agd3ani... mayla d amkan... El Kseur ? El Kseur a kham, d niméro n l'Kseur la yessis. Agd3ani... marki n-niméro. 034 82 35 65. Ya3tik el sa7a, sa7it, sa7a.",unknown,unknown,,unknown,unknown,unknown,unknown,request_help,low,El Kseur,El Kseur,Inconnu,Inconnu,L'appelant contacte les secours pour obtenir le numéro de téléphone direct de la protection civile d'El Kseur. L'agent lui dicte le numéro.,L'appelant demande confirmation du secteur géographique ('mayla d amkan El Kseur'). L'agent comprend qu'il cherche à joindre l'unité locale et lui communique un numéro de ligne fixe (034 82 35 65). Aucun incident spécifique n'est rapporté.,False
CALL_0209_Appe,Appelle 42.wav,"Agent: Allo? Appelant: Salam Alaykoum. Agent: Wa Alaykoum Salam, les pompiers. An3am. Appelant:theghli yiwth teqchichth dayi une3lim ma theder negh thmeouth gl'gare routière. Agent: Aqlagh nttedud. Appelant: Saha, saha. Agent: An3am. Appelant: Allo, oui. Agent: An3am. Appelant: Allo, el 7imaya? Agent: An3am. Agent: Aql-an s-dat la gare routière. Appelant: Ah d-en kchem, saha. Agent: An3am.",medical_emergency,severe,1.0,unknown,unknown,no,no,report_incident,high,Béjaïa,Béjaïa,(au-dessus de la gare routière),f l'gare routière,L'appelant signale un événement indéterminé dans le quartier (taddart) situé au-dessus de la gare routière. Les pompiers indiquent être déjà sur place au niveau de Dardis.,"L'appelant utilise 'taddart' pour désigner le quartier/village et 'l'gare routière'. L'agent mentionne 'Dardis', un point de repère iconique près de la gare routière de Béjaïa. Le type d'incident n'est pas explicité (pas de mot comme l7riq ou accident), l'appelant dit juste 'voyez ce qu'il y a'.",False
CALL_0212_Appe,Appelle 69.wav,"Allo... Allo... Protection civile de Bgayet... S'il vous plaît... akihrez rebi lu3andtura yieth teqchichth theghli dayi g saha tifri? At-teddund?ttedud lambulance.. Ih. dina g Amriw... ngh 4 chemain. D'accord, n-at-nawi g'Amriw... allo? G'Amriw negh kachma? Amriw negh kachma? Awa, sserw-as-nn walou.",medical_emergency,unknown,1.0,yes,unknown,no,no,report_incident,high,Béjaïa,Béjaïa,saha tifri,saha tifri,"Une femme appelle en urgence pour signaler un incendie (theghli) à saha tifri. Le répartiteur organise l'envoi d'une ambulance et de pompiers, mentionnant l'évacuation vers Amriw.",L'appelante utilise 'tghli' (elle est tomber) pour signaler un incendie à saha tifri ( à Béjaïa),False
CALL_0208_Appe,Appelle 15.wav,"Alo, 3andna... 3andna wasmou wa7ed crise cardiaque walla... l'mir postal ta3 Souq n Tnine. Souq n Tnine? At-tek n-numéro ta3 Souq n Tnine. Hak Bejaia, markit 3andek. Eh d'accord. 034... 034... 09... 09... 36... 36... 13. 13. Saha, saha.",medical_emergency,severe,1.0,no,no,no,no,request_help,critical,Souk El Tenine,Souk El Tenine,souq tnin,l'mir postal ta3 Souq n Tnine,L'appelant signale une personne faisant une crise cardiaque à proximité de la poste de Souk El Tenine. L'opérateur lui transmet le numéro de téléphone direct de l'unité locale.,L'appelant mentionne explicitement 'crise cardiaque' (medical_emergency) et 'wa7ed' (une victime). La localisation est précise : 'l'mir postal' (probablement l'agence postale ou mairie/poste) à 'Souq n Tnine'. L'opérateur de Bejaia redirige l'appelant vers l'unité locale en dictant le numéro.,False
CALL_0209_Appe,Appelle 40.wav,"Sewel, nraja n'ambulance, l'virement, l'hospitals, sbitar, ilaq-as at-tawd, sbitar... mchi tonobile mchi tonobile wala had... Allo? Ani da, d-achou ad-passu-ntichwit l'virement l'ambulance, ani da... Targa Ouzemour l'université, Asarwel, Asarwel ats-aliḍ. Ani da Sarwel at-aliḍ l'arrêt première impasse ni d-deuxième impasse... L'inter deux impasse akinna wa7... Boulkhobzani tsat' la piste ni t-saoujet la promotion n-nas... Sarwel... asdjarnin sarwel ni bedet. Wa7id ya7ia... 1st impasse after d-deuxième impasse... mchi anda la superette ni... caniboni d-ina... la promotion tamzwarut... Amrouche ni... mchi la promotion ni ats-alit d-agsum... Iqoubab? Khah mchi ats-at-aliḍ iqoubab... 500m-700m à peu près... abrid ni i-ebṭas l-kell... abrid n'l'electricité... Hanachi Ali... la famille Hanachi? Hanachi Ali... Ktef rabi, wallah azgum d-idmen mamas-ina, sbitar, c'est pas possible... mchi tonobile is3am... 5 minutes kan at-liber-em l'ambulance parce que tghared, tghared d-iseglik... liberi-nt kan l'ambulance... 07... Sdaoul iboudhouche, l7aq sdaoul iboudhouche bedet... enfaca... 5 minutes kan d-ikchem l'ambulance... achou i-youq3en? Aten-ghour ou3des-n-char apparemment, d-amqqran... wallah a3lam.",medical_emergency,severe,1.0,no,no,no,no,request_help,critical,Béjaïa,Béjaïa,Targa Ouzemour (Asarwel),"Près de l'université Targa Ouzemour, quartier Asarwel, première ou deuxième impasse après l'arrêt, près de la promotion Amrouche, chemin de l'électricité, chez la famille Hanachi Ali, secteur Boudhouche.",Demande d'ambulance urgente pour une personne blessée souffrant d'une hémorragie importante ('idmen') à Sarrwel. L'appelant précise que l'état est critique ('c'est pas possible') et refuse le transport par véhicule privé.,"L'appelant demande une ambulance ('nraja l'ambulance') et l'hôpital ('sbitar') pour une blessure grave avec beaucoup de sang ('azgum d-idmen'). La localisation est très détaillée : Targa Ouzemour, Sarrwel, et des points de repère comme 'l'université', 'l'arrêt' et des noms de familles locaux.",False
CALL_0212_Appe,Appelle 96.wav,"Allo Salamu Alaykum, l'himaya ! la3nayak thella laccident dayi d lekseur , lekseur wahid oued amizour. Ani d-exact... l'ferma pilot... daccord... l'ferme pilote. - La ferme pilote ? Ayyeh d'accord. - Aghelani la- grave ha ! - Okay, okay saha. - Saha t'ammu khoya saha, nsen aghelani grave grave n-as-t.",accident_vehicular,severe,,no,unknown,no,no,report_incident,high,El Kseur,El Kseur,La ferme pilote,"bin l'Kseur, l'ferme pilote","Signalement d'un accident grave survenu entre El Kseur , précisément au niveau de la ferme pilote.",L'appelant mentionne explicitement 'accident'. L'urgence est caractérisée par la répétition de 'aghelani' (vite) et l'adjectif 'grave'. La localisation est située entre El Kseur avec un point de repère précis : 'l'ferme pilote'.,False
CALL_0208_Appe,Appelle 9.wav,"Allo l'ambulance? Allo? Eh, ak-su l'social Ihaddaden... 3200. Social li 3200? Ah. Dachou yellan? L'bloc 93. L'bloc 93, dachou yellan, l'malade? Blessé? Amotin mlih, ay-zmer ara ad-yeddu. la grepe chghel ithitfen uzrighara Dachou! yellan ? mem  La respiration it-respirerara  mlih daccord asseyed tura sensiwlegh iued ghir aydchey3en lambulance. D'accord, d'accord . Hayya d'accord. Sahhit.",medical_emergency,severe,1.0,no,no,no,no,request_help,high,Béjaïa,Béjaïa,Ihaddaden (3200 logements),"Social li 3200, l'bloc 93","Un homme se trouvant au bloc 93 des 3200 logements à Ihaddaden est dans un état grave et ne peut plus marcher, bien qu'il respire normalement.","L'appelant signale un cas médical urgent : 'amotin mlih' (il n'est pas bien) et 'ay-zmer ara ad-yeddu' (il ne peut pas marcher). Le lieu est clairement identifié par les '3200' (logements sociaux célèbres à Béjaïa) et le quartier 'Ihaddaden'. Utilisation du code-switching typique : 'l'social', 'l'bloc', 'it-respirer' (verbe respirer conjugué au présent kabyle).",False
CALL_0212_Appe,Appelle 72.wav,"zemrem ay transportim amotin athan lcoma... l'hôpital urgence m'da l'possible ami. Ani-t tura madam? Swir... swir... Sidi Ahmed l'Es D... uksar. Sidi Ahmed? Ih Sidi Ahmed l'ED uksar. Jet... bon, l'ED abrid-nni i-ttawin n-atas s-takkser akher? U-swir qbel, l'arrêt l'ED, ṣaḥit umbe3d... l'abrid s-sekker... l'bâtiment n-uksar umbe3d s-uffegh-ara akher? A-tekchem-t a-droit. A-tekchem-t s-tekker akher... u-swir kan d-takser... l'immeuble di-swir kan d-takser. Eh, qartak-en amrad-agi inconscient yakhi? Lla unconscious... ih. D'accord madam, am-d-ncegge3 l'ambulance n-l'hôpital pas de problème, khli l'amrane. Khli l'amrane ammi. 3echyet-kan 7ad-bra... di-3as. Tura? Tura, ih. D'accord ammad, m'sa7it, pas de problème. D'accord, d'accord.",medical_emergency,severe,1.0,no,no,no,no,report_incident,high,Béjaïa,Béjaïa,Sidi Ahmed,"Sidi Ahmed l'ED, l'arrêt l'ED, qbel l'bâtiment n-uksar, a-tekchem-t a-droit","Une femme demande l'envoi d'une ambulance pour un patient inconscient situé dans le quartier de Sidi Ahmed à Béjaïa, près de l'arrêt de bus l'ED.","L'appelante utilise 'transportiw amrid-nnegh' (transportez notre malade) et demande 'l'hôpital urgence'. Elle confirme que le patient est 'inconscient'. La localisation est précisée à Sidi Ahmed (Béjaïa) avec des repères locaux : 'l'arrêt l'ED', 'l'bâtiment n-uksar' et une entrée à droite.",False
CALL_0208_Appe,Appelle 11.wav,"derapage. D'un véhicule léger. Eh, anida?. Route nationale 12. anwa Amkan? La gendarmerie l'Qsar. Eh, zath la brigade la gendarmerie. Derapage véhicule... cheye3tas l'ambulance kn ngh?  L'ambulance . D'accord, s7it.",accident_vehicular,unknown,,no,unknown,no,no,report_incident,medium,El Kseur,El Kseur,Route Nationale 12,"RN12, la gendarmerie l'Qsar, zath la brigade la gendarmerie",Signalement d'un accident (dérapage) d'un véhicule léger sur la RN12 à proximité de la brigade de gendarmerie d'El Kseur. L'appelant confirme le besoin d'une ambulance.,"L'appelant utilise 'drapage' (dérapage) et 'véhicule léger' pour désigner un accident de la route (accident_vehicular). La localisation est précise : 'Route nationale 12' et 'la gendarmerie l'Qsar' (El Kseur). La phrase 'l'ambulance thlaq' indique qu'une ambulance est nécessaire, suggérant des blessés sans en préciser la gravité.",False
CALL_0210_Appe,Appelle 47.wav,"Allo? An3am ih, dakur, dakur. ukendlu3anara dayi appartement de Tobbala. Tobbala, d-ashu ig-gellan? An3am? D-ashu ig-gellan? D-axellam it-teretqan! D-axellam it-teqran, dakur. Llan l-victimes a madame, xaṭi? An3am ih! Anayi kan i d-tuɣalegh seg l-xedma, zedghegh acote, Wahid el Moqrani? Wahid el Moqrani exactement. Eh, dakur, dakur a madame. Ok, s-avad-id d-bezzef d-l-gaz. Dakur. Zdat la promotion n l-OPGI? Ih! Ih, b-bezzef a madame. Ayya s-el-f-ṣaḥa.",fire_building,unknown,,yes,unknown,no,yes,report_incident,high,Béjaïa,Béjaïa,Tobbala,"L'appartement de Tobbala, cité Wahid el Moqrani, zdat la promotion n l'OPGI","Signalement d'une forte explosion de gaz dans un appartement à Tobbala (Béjaïa), cité Wahid el Moqrani, avec des victimes confirmées.","L'appelante utilise le terme 'axellat it-teqran' (grosse explosion/déflagration) et confirme 'l-gaz', ce qui oriente vers un accident domestique de type explosion/incendie. La mention 'Llan l-victimes' confirme la présence de blessés. Localisation précise : quartier Tobbala à Béjaïa, près de la promotion OPGI.",False
CALL_0212_Appe,Appelle 85.wav,"Salamoualikoum. Salam. An3am, aya l'accident sur l'autoroute, la nouvelle autoroute qui mène vers... Bouchelil, Bouchelil. Aqlan d-dar n'Aqbou... en face l'autoroute. Aqlant dda d-dar dda... on face normalement Akbou, mais sur la voie qui mène vers Bejaïa. Ah incha'Allah, okya. Sahit, saha. Sahit.",accident_vehicular,unknown,,unknown,unknown,no,unknown,report_incident,medium,Akbou,Akbou,La nouvelle autoroute (Pénétrante),"en face Akbou, sur la voie qui mène vers Bejaïa, près de Bouchelil","Signalement d'un accident de la circulation sur la nouvelle autoroute au niveau d'Akbou, sur la voie menant vers Béjaïa.",L'appelant utilise le terme français 'l'accident' et précise le lieu 'l'autoroute' (la pénétrante). Il donne des repères géographiques clairs : 'en face Akbou' et précise le sens de circulation 'vers Bejaïa'.,False
CALL_0209_Appe,Appelle 28.wav,"la3nayak yiwth temgharth theghli g letat civil.. L'état civil..theghli thezmir ara attedu. anta letat civil fithghareted kechi... L'état civil n Lakhmiss. Lakhmiss? Lakhmiss... Donc Rue de la Liberté akkeni? ... Rue de la Liberté... Nahj l'hourriya. An3am? Nahj l'hourriya, l'état civil. Dar l'baladiya n Lakhmiss. Ah d'accord, ok. Rue de la Liberté, okay. Rue de la Liberté, voilà, sa7it. Samarch...",medical_emergency,unknown,,no,no,no,no,report_incident,unknown,Béjaïa,Béjaïa,Lakhmiss,"L'état civil de Lakhmiss,  Rue de la Liberté (Nahj l'hourriya), Dar l'baladiya n Lakhmiss","L'appelant localise précisément un incident à l'état civil du quartier Lakhmiss à Béjaïa, mentionnant la Rue de la Liberté, sans toutefois préciser la nature de l'urgence dans cet extrait.","L'appelant répète 'L'état civil' et 'Lakhmiss' (quartier central de Béjaïa). L'opérateur confirme la 'Rue de la Liberté'. 'Nahj l'hourriya' est la traduction arabe directe. L'expression 'f l'virement' indique que c'est situé au niveau d'un virage. Pas de mots-clés type 'accident' ou 'l7riq', donc incident_type reste 'unknown'.",False
CALL_0212_Appe,Appelle 93.wav,"anwa amkan? anwaamkan, 4 chemin, daww l'pont.gachu i ithcha3l? Wah ch3al, l'appartement. Mouch n l'étage?  deuxième étage. 9ème? Yah, 9ème étage, d'accord.",fire_building,unknown,,yes,unknown,no,no,report_incident,high,Béjaïa,Béjaïa,4 chemin,"Dewwa l'pont, l'appartement au 9ème étage","Signalement d'un incendie dans un appartement situé au 9ème étage à4 chemin, à proximité du pont.",L'appelant utilise 'ch3al' (a brûlé/en feu) associé à 'l'appartement' pour désigner un feu de bâtiment. La localisation est précise : '4 chemin' et le repère 'dewwa l'pont' (sous/près du pont).,False
CALL_0208_Appe,Appelle 5.wav,"Allo? Allo an3am... Salam alaykoum. Salam alaykoum, l'pompiers nvgayeth? oui. Euh, ness3a dayi g  Beni Maouche thametoth theghlid g thzemourth umb3ad qarend lambulance wlachitt . Ah? Euh... . nchey3awend lambulance.. Beni Maouche?, Seddouk..An3am?? Seddouk, ah. D'accord, d'accord, d'accord, sahit.",medical_emergency,unknown,1.0,no,no,no,no,request_help,medium,Seddouk,Seddouk,Seddouk,L'appelant hésite entre Beni Maouche et Seddouk.,"L'appelant demande une ambulance mais semble confus ou hésitant sur la localisation exacte, mentionnant d'abord Beni Maouche avant de confirmer Seddouk.","L'expression 'bghigh l'ambulance' indique un besoin médical (medical_emergency). L'appelant mentionne deux localités (Beni Maouche et Seddouk), l'agent confirme Seddouk à la fin.",False
CALL_0212_Appe,Appelle 66.wav,"Allo salâm 'aleykoum. Salâm. Les pompiers ? Ana3m. ila yiwn ucamion i3ves yiwn wergaz dayi g reyahen, wa7ed Ma3zouzi, l-khedma les pnoux. Ah,dyn ilu3ad, monsieur Maazouzi, dayen, c'est bon. Dakour agma. Sa7it akhouya, sa7a.",medical_emergency,severe,1.0,no,unknown,no,no,report_incident,high,Béjaïa,Béjaïa,ireyahen,"reyahen, wa7ed Ma3zouzi","Un homme signale un accident de la route survenu à El ireyahen, impliquant un certain Maazouzi travaillant pour l'entreprise Iténos. Il demande une intervention rapide.",L'appelant utilise explicitement le mot 'l'accident' et donne une localisation précise 'ireyahen'. Le point de repère est le lieu de travail 'l-khedma n l'iténos' (Entreprise Itenos). Le nom 'Ma3zouzi' est donné pour identifier l'implication. L'expression 's l-khlas' indique une demande d'intervention immédiate.,False
CALL_0212_Appe,Appelle 65.wav,"Allo, salam alaykum. Wa alaykum salam wa rahmatullah. Khoya, l'standard ta3 la protection civile ? La protection civile, in3am. Amaalich ttla3im les pompiers oued amizour, d-ayi n'l'accident n'tmobil d-ayi n... lotissement n'Bouseba3. Asber mon frère, kach l'numéro la3iyasn direkt. Roh marki 034 08 77 14. 034 08 77 14, l'fin 14. Ok ? Saha, change n'garni. Saha.",accident_vehicular,unknown,,unknown,unknown,no,no,report_incident,high,Tichy,Tichy,Bouseba3,"l'virement n'Tichy, lotissement n'Bouseba3",L'appelant signale un accident de voiture au niveau d'un virage à Tichy (Lotissement Bouseba3). L'opérateur lui communique un numéro de téléphone direct pour la station locale.,"L'appelant utilise 'l'accident' et 'tmobil' (véhicule), confirmant un accident de la route. Localisation précise : 'l'virement' (le virage) et 'lotissement Bouseba3' à Tichy. L'opérateur fournit un numéro en 034 (Béjaïa) pour une intervention directe.",False
CALL_0209_Appe,Appelle 35.wav,"Allo, Salamoualikoum. - Walaikoumsalam warahmatu Allah, l'7imaya. - Les pompiers? Nsa3a yiwen yeghli-d dagi n Saint-Tivi n Kherrata. - Yiwen yeghli-d Saint-Tivi n Kherrata? - Ah athaya dagi n Kherrata, yeghlid  Saint-Tivi Kherrata, Souq el-Tnayn. - Aha, amek aqlik gherted Bgayet? - 3eytasen l'ga3naya... athaya yeghli-d yiwen dagi Saint-Tivi ga3naya... slehqasen l'message. - Anwa amkan exactement? Saint-Tivi? - Saint-Tivi n Kherrata, Kherrata Souq el-Tnayn. - Kherrata Souq el-Tnayn, machi tin n Souq el-Tnayn? - Aha! Machi tin n t-darth-at... tin n Kherrata Souq el-Tnayn. - D'accord, saha. - 3ait l'pompiers. - Oui.",medical_emergency,severe,1.0,no,no,no,no,report_incident,high,Kherrata,Kherrata,Saint-Tivi,"Saint-Tivi n Kherrata, Souq el-Tnayn","Un citoyen signale qu'une personne a fait une chute ou s'est effondrée à Saint-Tivi dans la zone de Kherrata, près de Souq el-Tnayn.",L'appelant utilise le verbe 'yeghli-d' (il est tombé/s'est effondré) indiquant une urgence médicale. La localisation est répétée plusieurs fois pour clarifier qu'il s'agit de Saint-Tivi à Kherrata (Souq el-Tnayn) et non d'une autre localité portant le même nom.,False
CALL_0209_Appe,Appelle 16.wav,"Allo? Allo oui, esslam 3likum. Les pompiers Souq El Tenine? Béjaïa, n3amla3nayak ma zemred sentla3id.. l-pompiers Souq El Tenine. ghornagh hanka l'urgence zdat la poste n Souq El Tenine. D'accord, tura senla3igh. Sa7a. D'accord, sa7a.",medical_emergency,unknown,,no,unknown,no,no,report_incident,high,Souk El Tenine,Souk El Tenine,La poste,zdat la poste n Souq El Tenine,L'appelant signale une urgence indéterminée située juste devant la poste de Souk El Tenine et demande l'intervention des pompiers.,"L'appelant utilise 'un cas d'urgence' sans préciser la nature exacte (accident ou malaise), ce qui oriente vers medical_emergency. La localisation est précise : 'zdat la poste' (devant la poste) à Souk El Tenine.",False
CALL_0210_Appe,Appelle 49.wav,"Allo, Pompiers  - Ashershour, dachou i-lan g'Ashershour ? - L'immeuble, l'immeuble ! L'immeuble i-yem7erqen ! Explosion de gaz ! Au quatrième étage ! - A-da g'la route nationale ? - Ti g'la route nationale ! La plage ! En face l'école primaire Mohamed El Mokrani ! - D'accord, d'accord, n'as-as-d. Milieu cité Tobbal ? - En face l'école primaire Mohamed El Mokrani ! Milieu cité Tobbal !",fire_building,unknown,1.0,yes,unknown,no,yes,report_incident,critical,Béjaïa,Béjaïa,Cité Tobbal,"Route nationale, près de la plage, en face l'école primaire Mohamed El Mokrani, au quatrième étage de l'immeuble","Incendie suite à une explosion de gaz au 4ème étage d'un immeuble situé à la Cité Tobbal (Béjaïa), en face de l'école primaire Mohamed El Mokrani.","L'appelant signale une 'explosion de gaz' et précise que 'l'immeuble i-yem7erqen' (l'immeuble brûle), ce qui confirme un incendie de bâtiment (fire_building). L'urgence est maximale vu les cris et la nature de l'incident. La localisation est précise : Cité Tobbal, près de la plage et de l'école Mohamed El Mokrani.",False
CALL_0209_Appe,Appelle 34.wav,"Allo... tneqlav yiwth tomobil dayi ouadass  daxel l'qantara n'nih-athan nefghed ghores ii? Sh7al i gellan l'blessés nni  dinna? - dand 7 yidsn g tomobil agini l'Echané, mais l'chauffeur nni t'walat tochi  3almezough chwiya, snat t'qchichine t'ouchit n'chwiya, m'tamtocht nni tagma teker g'lqa3. - T'sema delwaled, t'sema theker g'lqa3?  - Aya t'tomobil ag'brid, k'ntomobil t'sawter n'arara? - Daxel l'qantara. - Amek? - T3alla daxel l'qantara. - T3alla? Khalliss u brid imala. - Ah. - D'accord, d'accord, aqlagh-as n'teddu-d s'ba3ed kan chwiya, aqlagh n'teddu-d, d'accord, s'a7it.",accident_vehicular,severe,7.0,no,yes,no,no,report_incident,high,Béjaïa,Béjaïa,ouadass,daxel l'qantara (à l'intérieur du pont) à ouadass,"Accident d'un véhicule (type Echané/fourgon) renversé à l'intérieur d'un pont à ouadass, impliquant 7 blessés dont une femme au sol et un chauffeur bloqué.","L'appelant signale 'teqleb-as t'tomobil' (véhicule renversé) ce qui définit 'accident_vehicular'. Le lieu est précisé comme 'daxel l'qantara' (dans le pont) à 'ouadas'. Il mentionne '7 blessés' et décrit un chauffeur 't'chod' (bloqué/coincé) et une femme 't'kfel g'lqa3' (allongée au sol), justifiant la gravité 'severe' et la présence de personnes bloquées 'trapped_persons=yes'.",False
CALL_0208_Appe,Appelle 7.wav,"Allo, as-salamou 3alaykom. - Salam. - S'il vous plaît l'cité Djamaa tche3l thmessth g khyoud n l'tricity, l'extérieur. - Cité Djamaa ? - .. à l'extérieur... au 3ème cartier. - D'accord, sahit. - Sa7a.",other,unknown,,yes,no,no,no,report_incident,high,Béjaïa,Béjaïa,"Cité Djamaa, Imsel",à l'extérieur au 3ème cartier,Signalement d'un départ de feu sur des câbles électriques extérieurs au 3ème cartier d'un bâtiment à la Cité Djamaa (Imsel).,"L'appelant utilise 'tche3l thmesth' (le feu brûle/a pris) et précise 'lekhyout n l'tricity' (câbles électriques), ce qui indique un incendie d'origine électrique sur une structure (fire_building). Localisation précise : cite djamaa (Béjaïa), au 3ème cartier.",False
CALL_0212_Appe,Appelle 95.wav,"Allo. S'alam alikoum. Alikoum s'alam. Les pompiers ? An3am agma oui. Ayah... sra l'accident dina l'décharge d'El Kseur. L'décharge i d-ikemlen El Kseur, wanti l'décharge ? L'décharge d'El Kseur, l'autoroute El Kseur. Ah-ha. Tomobil t-qleb fell-as la moto. Ah d'accord, llan l'blessés ? Ah grave wallah, rahoum l'post. D'accord, saha saha.",accident_vehicular,severe,2.0,no,unknown,no,no,report_incident,high,El Kseur,El Kseur,L'décharge d'El Kseur,"l'décharge d'El Kseur, l'autoroute El Kseur",Accident de la route impliquant une voiture et une moto près de la décharge d'El Kseur sur l'autoroute avec des blessés graves.,L'appelant signale 'l'accident' impliquant une 'tomobil' (voiture) qui s'est renversée ('t-qleb') sur une 'moto'. La mention 'grave wallah' indique une sévérité élevée. Le lieu est identifié comme la décharge d'El Kseur sur l'autoroute.,False
CALL_0209_Appe,Appelle 27.wav,"Allo? Allo l7imaya an3am. les pompiers?. Eh... Bon, aqla-gh gvrid n l'b7ar, che3ldayi g l'tomobil. S'il vous plaît, g Bordj Attkemlem, avant Zoubia chweya. - Avant Zoubia? - Eh. -ugendlu3an ara deja? adyen nefghed. - Aye d'accord. Sahit, sahit.",fire_vehicle,unknown,,yes,unknown,unknown,unknown,report_incident,high,Béjaïa,Béjaïa,Bordj ,"avrid lebher, g bordj avant zoubeya","Un véhicule a pris feu soudainement au niveau du virage de la mer à Bordj (Béjaïa), à proximité de Zoubia.","L'appelant signale 'che3let l'tomobil' (la voiture a pris feu), ce qui définit fire_vehicle. Le lieu est situé par les repères 'virement n l'b7ar' (virage de la mer), 'Bordj Akmimoum' et 'Zoubia', des localités côtières de Béjaïa.",False
CALL_0209_Appe,Appelle 19.wav,"Allo. - Assalamou3likoum. - Wa3likoumsalam. -nes3a yiwn ljar dayi idemander protection civil? - iwach lkhir achu yuhwaj?is3a yiwn en decape is3a une crise cardiaque - Anida? - Ighzer ozarif, Près de l'APC. - Ma3lich, Ighzer ozarif aydefkegh numero oued ghir... dway-ik... mark-it ghorek. - Ah. - 030 16 92 92. - 030... 16 92 92. - 92 92. - 92 92. - BarakAllahou fik. - Sahait.",medical_emergency,severe,1.0,no,no,no,no,request_help,high,Béjaïa,Oued Ghir,Ighzer ozarif,"ighzer ozarif ,Près de l'APC",Un homme appelle pour une urgence médicale concernant une personne handicapée victime d'une crise cardiaque à Ighzer ozarif (Oued ghir). L'opérateur lui communique le numéro direct de l'unité locale.,L'appelant signale une 'crise cardiaque' ce qui définit le 'medical_emergency'. La victime est décrite comme 'l'handicapé'. Le lieu est 'Ighzer ozarif' avec pour repère 'Près de l'APC'. L'urgence est qualifiée de 'high' car une crise cardiaque nécessite une intervention immédiate.,False
CALL_0212_Appe,Appelle 81.wav,"Allo? Allo, oui. Allo, oui? Salam alaikom. Kayen wa7ed l'accident hna f Polyvalent. Polyvalent, win exact Polyvalent? Chefti l'lycée, djust chwiya. Ehh, dechra-nni exact? An3am? Dechra-nni exact? Wesh ray tsemma, moutou m3a tomobil, t7ebbet f kilométrage. Ah, d'accord. Ok. Sahha. Sahhiti. Sahha.",accident_vehicular,unknown,,no,unknown,no,no,report_incident,high,Béjaïa,Béjaïa,Polyvalent,"f Polyvalent, chefti l'lycée djust chwiya, t7ebbet f kilométrage",Signalement d'un accident de la circulation entre une moto et une voiture à proximité du lycée Polyvalent de Béjaïa.,L'appelante signale explicitement 'wa7ed l'accident'. Le lieu 'Polyvalent' est un quartier connu de Béjaïa. Elle précise les véhicules impliqués : 'moutou' (moto) et 'tomobil' (voiture). L'expression 't7ebbet' (s'est écrasée/renversée) confirme l'impact.,False
CALL_0209_Appe,Appelle 25.wav,"Accident montant hna, li lancenah meqbila  ya3wdou ijiw bark. Bon, chouf l'pont Aboudaw, ak-fhem? Ma nehkich s... ma nefhemch qbayliya. Fouq l'pont ta3 Aboudaw. Le pont kima jami3a. Eh, okay rani jayin, sahit. Sahha.",accident_vehicular,unknown,,unknown,unknown,no,unknown,report_incident,medium,Béjaïa,Béjaïa,Aboudaw,"Fouq l'pont ta3 Aboudaw, kima jami3a",Signalement d'un accident de la circulation sur le pont d'Aboudaw à proximité de l'université de Béjaïa.,"L'appelant signale un 'accident montant'. Localisation confirmée par l'opérateur comme étant 'fouq l'pont' (sur le pont) d'Aboudaw près de 'jami3a' (l'université). L'appelant précise qu'il ne comprend pas le kabyle ('ma nefhemch qbayliya'), l'échange se poursuit donc en arabe/français.",False
CALL_0211_Appe,Appelle 62.wav,"Woui sedouk? Anji s-ra7 l'ambulance nwan? - L'école primaire s 7dud Mouloud. - Wesh i-khdem-an? Malade? - Uh, iblissi, ighli-d s'vizi. - Iblissi? Ah. Uh, ism-is? - Bekkouche. - Bekkouche. B-E... ruh, Bekkouche. - B-I... Bekkouche. - Ruh, imba? - Ahmed. - Ahmad. Ash7al l'âmer-is? 10 ans? - Mashi ti-wuran. Enflement l'œil droit. - Enflement? Ah. Thas3at l7qen? - 14:42. - Thas3at fukkem? 07... 15:12. Saha. Sa7it.",medical_emergency,minor,1.0,no,no,no,no,report_incident,medium,Seddouk,Seddouk,L'école primaire s 7dud Mouloud,L'école primaire s 7dud Mouloud,Un enfant de 10 ans nommé Ahmed Bekkouche s'est blessé à l'œil droit après une chute (ighli-d) à proximité d'une école primaire.,L'appelant signale un blessé ('iblissi') ayant fait une chute ('ighli-d'). Les détails médicaux fournis incluent un 'enflement l'œil droit'. La victime est identifiée comme un enfant de 10 ans.,False
CALL_0208_Appe,Appelle 13.wav,"Slam, azul fel-awen. C'est docteur Hakimi. 3eddiɣ tura s cité Monja, zriɣ un patient, un patient il est dans un état grave chwiya. cest un vieux, il désature, i7waj l'oxygène, la respiration il respire difficilement. Il est inconscient. Tura zriɣ les parents-ines parce que lu3and tura, l'apres la3aghd nekki.  agui d-is3eddigh les parents-ines. It-7waj un transport vers l'hôpital en urgence.ikechi acu it-xeddem ? D-at-tabib ? nk 3edaghd sina lu3aniyid  naniyid ma zemred attezred la situation... Roh azreɣ, roh azreɣ tufa-d l'état-ines, l'état-ines d-dégradé. Ah d'accord. Ihi l'parent-is agui d-is3eddayen... Allo ? An-3am azul fell-ak. Azul. laree ni Terminus Monja, deffir l'bâtiment-nni kayeen ay dafedd dinna. A-g terminus Monja ? Terminus Monja, llan l'park-nni dinna d-yiwen l'bâtiment-aki dinna. Terminus Monja. El mouhim, thu l'bâtiment-agi, el mouhim attan tjr g-terminus. Terminus. Eih. C'est quel nom ? Afia. Afia. Afia, eih. Ig-id-k bon, numérok machi wayi ? Xati, machi wayagi... ma d-le numéro ? Eih wacha ? 05 58 06 15 39. Ok d'accord, akid-naf dinna g-terminus. Ay-d-at-naf dinna. Ok d'accord, sa7it, ya3tik sa7a. Saha.",medical_emergency,severe,1.0,no,no,no,no,request_help,high,Béjaïa,Béjaïa,Cité Monja,"Terminus Monja, deffir l'bâtiment-nni, llan l'park-nni dinna",Un médecin (Docteur Hakimi) signale un patient âgé dans un état grave présentant une détresse respiratoire et une perte de connaissance à la Cité Monja. Il demande une évacuation d'urgence vers l'hôpital.,"L'appelant s'identifie comme médecin et utilise des termes cliniques ('désature', 'état grave', 'inconscient') indiquant une urgence médicale ('medical_emergency'). Le lieu est localisé à 'Cité Monja' et précisé au 'Terminus' près du 'Bâtiment Afia'.",False
CALL_0209_Appe,Appelle 24.wav,"Alo? Msalkhir, msalkhir. - asslama. - thella yiwth tmetoth tt3ich imanis, la famille Wannoughène. athan thehlek thenayid la3iyasn les pompier s3ighara numéro-n-sen. - Wash-n la commune? - Han? - Wash-n la commune? - Commune Amizour. - Marquér-d le numéro n-les pompiers n'Wada Amizour. 034... 034 08... 034-kani? - Khati, 034 08 77 14. - Très bien. - D'accord.",medical_emergency,unknown,1.0,no,unknown,no,no,report_incident,high,Amizour,Amizour,Oued Amizour,"deg-lbarj n-Diche sawne-d ifirmane, la famille Wannoughène","Une femme résidant seule dans la commune d’Amizour a été victime d’un malaise à son domicile. Son état de santé nécessite une prise en charge médicale urgente. Ne disposant d’aucune assistance sur place, une intervention des services de la Protection Civile est demandée afin d’assurer les premiers secours et son éventuelle évacuation vers une structure hospitalière.
","L'appelant mentionne 'tmetoth thezdegh imanis thehlek' (une femme qui habite seule elle est malade), ce qui définit l'incident 'urgence medical'. La localisation est précisée comme 'Commune Amizour' .",False
CALL_0208_Appe,Appelle 3.wav,"Allo! L'Himaya oui?- Allo! L'Himaoui, oui? - Salam Alaikoum l'Himayai, d-aqla-gh dagi... gher la DGS, gher l'festival ni... - Eh? - L'festival ni, bon y-a une femme dagi enceinte de 3 mois, tes3a un malaise. - wahi la DGS? - Dakhel, s-dakhel ni, aqla-gh dina s-dakhel... un malaise d'une femme enceinte de 3 mois, d'accord? - D'accord, sa7a, aqla-gh nettraju s-dakhel.",medical_emergency,minor,1.0,no,no,no,no,report_incident,high,Inconnu,Inconnu,la DGS / Festival,"dakhel l'festival ni, gher la DGS, s-dakhel","Une femme enceinte de trois mois a fait un malaise à l'intérieur du site du festival, à proximité de la DGS.",L'appelant utilise 'malaise' et 'femme enceinte de 3 mois' pour signaler une urgence médicale (medical_emergency). Il localise l'incident à 'la DGS' (Direction Générale de la Sûreté) à l'intérieur du 'festival' (s-dakhel). 'L'Himaoui' est le terme utilisé pour désigner l'agent de la Protection Civile.,False
CALL_0209_Appe,Appelle 17.wav,"Allo? Allo... Salam alaikoum les pompiers?. Les pompiers, ouais. Bon, athan thella dayi láccident g charchor. Chorchour?, ah. Ah d-yid t-déraper umba3d tach3el deg-s l'vafini, ça va pas l'intérieure. Amek? nighayd yiwth tomobile ig derapen oum3ad ness3a yiwth teqchichth cv pas dina thdukh,blesse kn? aa thdukh kn  Ah... wahi ljame3 ni illan g charchor gedged. Sber ad-as-n-inigh k-Tichy Bgayet, n-Bgayet a-Tichy. Khati n-Bgayet a-Tichy. D'accord, d'accord, saha, saha. Saha.",accident_vehicular,unknown,1.0,no,unknown,no,no,report_incident,high,Tichy,Tichy,Chorchour,wahi ljame3 ni illan g charchor gedged (près de la mosquée où se termine Chorchour),"Un véhicule a dérapé à Chorchour. L'appelant signale que l'auto tremble et que la situation à l'intérieur est inquiétante et la civtime cst une fait dans letat inconsiante, demandant l'intervention des pompiers de Tichy.","L'appelant utilise 't-déraper' (accident de la route) , confirmant 'accident_vehicular' a. Le lieu 'Chorchour' est situé entre Tichy et Aokas,'thaqchichth thdukh'('fille inconsiante'). L'appelant précise que l'unité de Tichy est préférable à celle de Bejaia.",False
CALL_0209_Appe,Appelle 38.wav,"Allo l'7imaya? - Oui dachu,? - S'il vous plaît monsieur, d'urgence, nes3a yiwth  teqchichth thella normal dqiqa kn 3ewen ifassniss ditarniss , thella theqim uthezmirara meme pas ttved. - Convulsé? Ani-da l'adresse, ani-da? - Sarwal tharga ouermour, l'jiha wajji n l'7anut n Elyah... - Sarwal l'jiha, wa7id l'7anut n Elyah? - L'7anut n Elyah, a-sternud chwiya,.. l'premier impasse ne la deuxième impasse? - Premier impasse... wa7id l'Chabbou-nni,  dhinna i wesawen? - Xati xati, stallit asawen g'el 7anut-nni, a-ternud ad-teddud chwiya, a-tafed l'vulcanisateur-nni. - Al-migar am-ila l'électricité auto? - El-migar am-ila l'étage n l'Esmam-nni? - El-Esmam? Wa7id l'ighzer-nni ani-da llan imedil? - Wa7id l'ighzer-nni a-tafed deux chemins, a-tafed l'piste, en tout cas d-la piste, a-tafed axxam-nni m-uqbel blanc, d-a3layan blanc. - Wish u la famille? Wash u la famille? - Smaili, Smaili. - Smaili... Ila hed di3as dhinna? Ur teqlaq ara, il 7adi di3as dhinna?. - Tura a-tafed taqcict berr'a. - C'est bon, attaya l'ambulance, okay. - D'accord, sa7it.",medical_emergency,severe,1.0,no,no,no,no,request_help,high,Béjaïa,Oued Ghir,Saroual,"Près du magasin d'Elyah, première impasse, au-dessus d'un vulcanisateur et d'un atelier d'électricité auto, près d'un ravin (ighzer), maison blanche en hauteur, une fille attendra dehors.",Urgence médicale impliquant une personne ayant perdu connaissance ou faisant des convulsions à Saroual (Oued Ghir). L'appelant fournit des repères visuels précis pour guider l'ambulance vers une maison blanche.,"L'appelant utilise 't-ikkes-as la mémoire' (perte de connaissance) et l'agent confirme 'convulsé', ce qui oriente vers medical_emergency. Le lieu est identifié comme Saroual (commune de Oued Ghir). L'urgence est haute car la victime ne peut être déplacée ('ur zmiregh ara').",False
CALL_0208_Appe,Appelle 8.wav,"S-salam alaykoum. himaya oui?. la protection civil thella une accident, yiwen thewthith tomobil athan dayi gel-qa3a. Athan ttedund? Athan ttedund i waghir? Eh, Athan ttedund g waghir, il est inconscientt. Athan ttedund ... tura t-le7qed l'ambulance. Aya d'accord, saha merci.",accident_vehicular,severe,1.0,no,unknown,no,no,report_incident,high,Béjaïa,Oued Ghir,oued ghir,Oued ghir,Signalement d'un accident de la circulation à Akendound (Oued Ghir) avec une victime inconsciente. L'opérateur confirme l'envoi d'une ambulance.,L'appelant utilise 'yiwen l'accident' pour signaler l'incident. La gravité est déterminée par le terme 'il est inconscient'. La localisation est précisée par 'athan ttedund ar oued ghir' ('l'qa3a' (le plat/le bas).,False
CALL_0212_Appe,Appelle 78.wav,"Caller: Salam alaykum. Receiver: Wa alaykum s-salem. Caller: Khoya 3andi l'walida rahi mridha, f Dra3 l-Gaid, Bel7an. Receiver: Dra3 l-Gaid? Caller: Eeh. Receiver: Dra3 l-Gaid... secteur... l-khalta... marki: 034 18 51 21. Caller: 034 18 51 21? Sahit, barak Allahu fik. Receiver: Allah ibarek fik, saha.",medical_emergency,unknown,1.0,no,no,no,no,request_help,high,Kherrata,Kherrata,Belhan,"f Dra3 l-Gaid, Bel7an",L'appelant demande de l'aide pour sa mère malade située à Belhan (Draâ El Gaïd). L'opérateur lui fournit le numéro de téléphone direct du secteur concerné.,L'appelant utilise 'l'walida' (la mère) et 'mridha' (malade) → medical_emergency. Le lieu est explicitement cité 'Dra3 l-Gaid' et 'Bel7an'. L'opérateur redirige l'appelant en lui donnant un numéro local (034...).,False
CALL_0208_Appe,Appelle 6.wav,"Allo salam - L'pompiers Souk n Letnin? - Khati,ne vgayeth. - nevgayeth? Ah nes3a yiwth g Souk n Letni, attan g-l'qa3a? - Ak-d-fka l'nimiru n Souk n Letni xir. Rwah marki: 034 09 36 13. 13 à la fin. - D'accord, saha.",unknown,unknown,1.0,unknown,unknown,unknown,unknown,request_help,unknown,Souk El Tenine,Souk El Tenine,Inconnu,Inconnu,Un appelant cherche à joindre la caserne de Souk El Tenine. L'opérateur lui fournit le numéro de téléphone direct de l'unité locale.,L'appelant demande 'l'pompiers Souk n Letni' (Souk El Tenine). L'agent se présente comme étant à 'Guayes' et décide de donner le numéro direct ('l'nimiru') pour une meilleure prise en charge ('xir'). L'incident n'est pas encore détaillé.,False
CALL_0212_Appe,Appelle 64.wav,"Allo sba7 l'khir. Allo sba7 l'khir. Li pompier? Li pompier n'Bgayet, oui. Parce que wallah vghigh yth'orientit n'sa3a n'habbet l'village Boumhethl f'Toudja. Eh. Il faut n'transporte, y'ghli l'femmar amk-theghli. Y'ghli, y'ghli g'kham. Bah d'y peut pas bouger . Y'ghli m-ihlik negh y'ghli blessé ? Y'ghli, y'ghli, y'blessé na3am. D'accord. Toudja, akken? Toudja, village Boumhathel. At-tkhedmed numéro n'li pompier l'Kseur... Oued Ghir... Bouhatel d'Oued Ghir, eh? Na3am? At-tkhedmed numéro l'Kseur, eh l'Kseur. At-tkhedmed numéro l'Kseur. Sahit, marki numéro-nsen. 034 82 35 65. 034 82 35 65. Ya3tik saha y'ma. Bon courage, sa7a.",medical_emergency,unknown,1.0,no,no,no,no,request_help,medium,El Kseur,Toudja,Village Bouhatel ,village Bouhatel  f'Toudja,Un homme âgé a fait une chute à son domicile au village Bouhatel  (Toudja) et souffre d'une blessure à la hanche qui l'empêche de bouger. L'appelant est orienté vers la caserne d'El Kseur.,L'appelant signale 'y'ghli l'gekham' (un vieil homme est tombé) 'g'kham' (à la maison). La mention 'peut pas bouger l'tassa n-is' indique une fracture ou blessure grave à la hanche/fémur. Le répartiteur de Béjaïa réoriente l'appel vers l'unité d'El Kseur compétente pour la zone de Toudja/Oued Ghir.,False
CALL_0209_Appe,Appelle 36.wav,"Allo? Allo? Anam, oui. Salam Alaikoum. Salam wa rahmatoullah. Khoya 3endna problem ta3 l'inondation douq foq les compteurs ta3 l'daw. 3endkoum problem? Wa, rah l'ma isil fouq les compteurs ta3 l'daw fil placard. Win exact, win? 7na f'Rmila. Rmila, Sidi Aïch? Sidi Aïch, wa, 3end les quais l'fouq. Bloc G. En face l'école hadik ta3 les gendarmes mlih? La, 7na l'fouq avant l'école, 7na 3end les quais. Les quais? Wa, 3end les quais. Winna l'bloc? Bloc G. 7na 3end les bâtiments nettla3. D'accord.",other,none,,no,no,no,no,report_incident,high,Sidi Aïch,Sidi Aïch,Rmila,"3end les quais l'fouq, Bloc G, avant l'école ta3 les gendarmes, 3end les bâtiments nettla3","Signalement d'une inondation s'écoulant directement sur les compteurs électriques dans un placard, présentant un risque imminent de court-circuit ou d'incendie.","L'appelant signale 'l'inondation' sur 'les compteurs ta3 l'daw' (électricité), ce qui constitue un danger technique grave (catégorie other). Localisation précise à Sidi Aïch, quartier Rmila, Bloc G, près des quais.",False
CALL_0212_Appe,Appelle 89.wav,"Allô les pompiers de Bgayet, msa lkhir. - Allô msa lkhir, sma7li ghi l'appel, bghit nsiwer ixf n war n l'incident agi. Dak-n-ini... ay-at f la ferme 3issu, f la ferme 3issu. - Ah, dakcheman, voilà. - Voilà eh, umba3d ifeccu l'bâtiment bleu, 4ème étage, tzedegh yiwet n l'famille, serser s-yikk-en, yiwet s-l-sanitaire i-7sel, i-7sel daxel, au même temps tawurt n-zga teb-bluqua, ur s-u-f-f-el-dara i-z-i-n-barra. - Porte bloquée, c'est ça ? - Voilà eh. Umba3d fuf-en amek ara t-id f-el-len, dayi bach att-en-f-t-i7, l'wachu ulac, il n'y a personne di khadmi n l'équipe. - Ilaq-as un serrurier. - Un serrurier ? Eh wallah ulas-iyi. - Les pompiers labud ad d-ndel d-nnir ak-agi k-t-a-wurt m-ed-den, tef-hemed-iyi da? - Azar, ah bon? - Eh, ilaq-as un serrurier. Ad s-y-el-di tawurt. - Donc amek t-en-ni-d? n-sh-u-f-u l-7el i-gi? - Ad-t-zered un serrurier, wad-ak i-kh-edmen l'clés, khater teb-luqua tawurt n l'entrée, i-bluqu-et. - L-3-v-e-z-khal? - Eh, l-3-v-e-z. - Uzmiren-ara t-3edlen-is-akhel n-is-barra, c'est ça? - Ilaq-as un serrurier. - Donc as-d-y-as un serrurier, okay, voilà. D'accord, eh. D'accord, sa7it, sa7a.",other,none,1.0,no,yes,no,no,request_help,low,Béjaïa,Béjaïa,Ferme Aïssou,"la ferme 3issu, bâtiment bleu, 4ème étage","Un citoyen signale qu'une personne est bloquée dans les sanitaires d'un appartement situé au 4ème étage d'un bâtiment bleu à la Ferme Aïssou, car la porte d'entrée est également bloquée. L'opérateur conseille de contacter un serrurier.","L'appelant utilise 'i7sel daxel' (coincé à l'intérieur) et 'tawurt teb-bluqua' (porte bloquée). Bien qu'il y ait une personne bloquée, l'opérateur juge que c'est un problème de serrurerie ('ilaq-as un serrurier') et non une intervention d'urgence vitale, d'où le type 'other' et l'urgence 'low'.",False
CALL_0210_Appe,Appelle 56.wav,"Aslemlek a khouya, je suis médecin. Je me suis déplacé chez un malade lu3aniyid-fles, après mesure de FC c'est une insuffisance cardiaque. La malade elle respire mal, c'est-à-dire il faut ttawi-t l'hôpital. L'ambulance doit être oxygénée parce qu'elle désature, elle n'arrive pas à respirer. — Ach-hal la saturation d'oxygène a docteur? — La saturation d'oxygène elle est d'environ 82. — Donc l'adresse exacte? — L'adresse exacte t'addi d-Hermis... awit d-ambulance oxygénée, position demi-assis, préparez le matériel et tout, awit-et directement l'urgences médicales n Khellil Amrane. — Ma3lich, fki-d l'adresse exacte a docteur. — C'est à Toghza, terminus Toghza. — Terminus Toghza? — À droite, zed l'salle des fêtes. — La salle des fêtes? — Promotion n zed l'salle des fêtes n Toghza. Mais we-t-khdem ara terminus nni l-7anut à droite à droite vers Bouhoual. — Vers washu? — Vers Bouhoual. Un 300 mètres. Ma3lich i-t-zemred-d t-rju-d di terminus n Toghza, ak-n-narju dinna. Agui d l'numéro nnik? 0558... ? — D l'numéro inu, ih. — D'accord, l'arrêt de bus n Toghza terminus.",medical_emergency,severe,1.0,no,no,no,no,request_help,high,Amizour,Amizour,Toghza,"Terminus Taghzuit, zed l'salle des fêtes, promotion n zed l'salle des fêtes, l-7anut à droite vers Bouhoual, 300 mètres après l'arrêt de bus.",Un médecin signale une patiente en insuffisance cardiaque sévère avec une saturation à 82% nécessitant une ambulance oxygénée vers l'hôpital Khellil Amrane. Le rendez-vous est fixé au terminus de bus de Toghza.,"L'appelant s'identifie comme médecin et utilise un vocabulaire clinique ('insuffisance cardiaque', 'désature', 'saturation 82%') ce qui confirme medical_emergency. La saturation basse indique un danger immédiat (urgency high). Les lieux cités (Taghzut, Bouhoual) situent l'incident dans la commune d'Amizour.",False
CALL_0212_Appe,Appelle 99.wav,"Allo, salam alaikoum, Himaya Madania? Himaya Madania, na3am. Dayi l'residence Milli, ness3a yiwth tverkant thuhwaj l'ambulance nni... chauffeur nni thin fi congé, ulachithn. D'accord... d'accord, ya3tik essaha. Milli, la résidence Milli, hein. D'accord.",medical_emergency,unknown,1.0,no,no,no,no,request_help,medium,Béjaïa,Béjaïa,"Résidence Milli, Laazib Sidi Berkane",Dayi l'residence Milli,"L'appelant demande l'envoi d'une ambulance à la résidence Milli, expliquant que le chauffeur habituel est en congé.",L'appelant utilise 't'sa7qekh l'ambulance' (j'ai besoin de l'ambulance) ce qui indique une urgence médicale. Il localise précisément l'endroit à 'l'residence Milli' à 'Sidi Berkan'. Le motif est l'absence de transport car 'chauffeur nni thin fi congé' (le chauffeur est en congé).,False
CALL_0210_Appe,Appelle 54.wav,"Allo l'pompiers? - Eh. - Arwa7u l'centre-ville. - Eh. - Sa7et Tifri, Sa7et Tifri, la Place Gueydon. - Sa7et Tifri negh la Place Gueydon? Sfahem-ayi. - La Place Gueydon, addali n Boula Glace. - Eh? - Amek? - Irzug-as chwiya uqchich-ayi, i-fannuya. - Ah d'accord, eh. - Sa7it. - Sa7it.",medical_emergency,severe,1.0,no,no,no,no,request_help,high,Béjaïa,Béjaïa,Place Gueydon,"Centre-ville, addali n Boula Glace (en dessous du glacier Boula Glace)","Demande de secours pour un jeune homme qui s'est évanoui à la Place Gueydon (centre-ville de Béjaïa), près du glacier Boula Glace.",L'appelant mentionne 'l'pompiers' et 'centre-ville'. Le lieu est précisé comme 'Place Gueydon' avec un repère local fort 'Boula Glace' (célèbre glacier). La nature de l'urgence est médicale : 'i-fannuya' (du français évanouir) et 'uqchich' (le garçon/jeune homme).,False
CALL_0209_Appe,Appelle 43.wav,"Allo assalamou alaykoum. - Salamou alaykoum. - La protection civile ? - Ana3am. -adchey3em l'ambulance dagi Sidi Boudrahem. - achu yellan? Tamtoth dagi, Ganda. - Dagi el 578, asenig drapeau ni. - 578? - khati, 578. - Ana3am, khams-miya tmanyia w sab3in. - El Bloc B. En tout cas, am l'atousma drapeau ni a tellim, d-chur d'imara, f-stade ni, d-wustad ni bedel. - D'accord. Achou yellan, el mrid dagi achou yes3a? - A tamthoth, tamthoth atass at-teghli. - Deg-xxam nagh d-berra nagh? - Deg-xxam, deg-xxam. - Ah oui. D'accord. Bâtiment B? - Eh, el B, el 578. Au stade ni, au stade. - Eh, thama, bâtiment B ach-hal... B15 akagi, B15? - Eh B15 ana3am. Aqlagh dagi en tout cas berra, qimagh deg el jari, el hita, parce que el jar-n-negh dagi. - Ah oui. Anwa ik-chem deg l'aide? - D'el-w-xxam-ni, d'el-w-xxam-ni d-ina. Machi ad-nelhaq ad-na-dinim s-el-ouan n-sted-era nagh? - Khatchi, khatchi, ana dagi, ana dagi aql-iyi. - D'accord, sahha.",medical_emergency,severe,1.0,no,no,no,no,request_help,high,Béjaïa,Béjaïa,Sidi Boudrahem,"Cité 578 logements, Bâtiment B15, Bloc B, près du stade, au niveau du drapeau",Un appelant demande une ambulance pour une femme faisant un malaise (sur le point de s'évanouir) à l'intérieur d'un appartement situé au bâtiment B15 de la cité 578 logements à Sidi Boudrahem.,"L'appelant mentionne 'tamtoth' (femme) et 'at-teghli' (va tomber/faire un malaise), ce qui indique une 'medical_emergency'. Le lieu est identifié comme 'Sidi Boudrahem' et '578' (référence à la cité 578 logements de Béjaïa). L'appelant précise le 'Bâtiment B15' et donne des repères visuels comme le 'stade' et le 'drapeau'.",False
CALL_0210_Appe,Appelle 50.wav,"Haya baya. Allo? athan ighli umdakliw dayi g boulimat. dachu thyughe?? Eh, idoukh, i-ghali kan idoukh. D-win n-g-Boulimat? Eh, n-g-Boulimat kan,.. s-fdhina. Mm-tseksar? Premier piste, deuxième? A-fi-ghadi, premier piste k-tch-me-data. Oh, i-swa chwiya? Na3am? I-swa? Chkou chwiya. I-swa l'alcool negh khati? Ah, ah, l'alcool i-swa dagi. D'accord, at-t-l'ambulance d'imila. Ciao.",accident_vehicular,severe,1.0,no,no,no,no,report_incident,high,Béjaïa,Béjaïa,Boulimat,"Boulimat kan, premier piste k-tch-me-data",Un accident de moto s'est produit à Boulimat. La victime est inconsciente ou étourdie suite à une chute et aurait consommé de l'alcool.,"L'appelant signale un 'accident l'moto' (accident de moto) à 'Boulimat'. L'état de la victime est décrit comme 'idoukh' (étourdi/inconscient) et 'i-ghali' (il est tombé), ce qui indique une urgence médicale sévère. La précision sur la 'premier piste' aide à la localisation. La mention 'i-swa l'alcool' (il a bu de l'alcool) précise le contexte.",False
CALL_0212_Appe,Appelle 67.wav,"Allo... l'7imaya l'madania fi khidmatkoum. Allo... Allo l'7imaya. - Dispositif Ighil Azzoug, faut kach mashi wallah. - Dispositif Ighil Azzoug... andek matstena. - Ha? - Andek matstena, derajite chwiya. - Ah oui... wallah derajite... l'ambulance la mahabsens. - Ach7al t'lla? - N'mami? Ayun... wa7di. - Wa7dek? Gouchi f'dispositif? - Gouchi f'dispositif... andek l'kous... l'foutha... - Sha-apya? - Wallah ma f'hemtk... - At-tatchid a pied? - Ah at-tatchid a pied... naigh yakhi mqar 7ad l'kous... kouthenou la... chwaya serfroudine. - At-fouth... t'nadal... n'ta3 l'mouth... n'ta3 t'dghli. - Ah... n'ta3 l'mouth... shashiyine n'kefh-kefh... - L'3ali... c'est-à-dire maddihom d'kham t'telecoms. - Ah... sera l'manajere. - Ah derajite chwiya mru7... derajite... ma3lish, mashi moshkil. - Aya OK, saha.",other,none,,no,no,no,no,other,low,Béjaïa,Béjaïa,Ighil Azzoug,Ighil Azzoug,Il s'agit d'un appel de coordination logistique concernant un dispositif de secours à Ighil Azzoug. L'appelant signale qu'une ambulance ne s'est pas arrêtée et qu'il doit se déplacer à pied vers le bâtiment des télécoms.,"L'appel ne concerne pas une urgence immédiate mais une gestion de 'dispositif'. Mots clés : 'Ighil Azzoug' (lieu), 'l'ambulance la mahabsens' (l'ambulance ne s'est pas arrêtée), 'a pied' (déplacement), 'kham t'telecoms' (bâtiment des télécoms comme point de repère).",False
CALL_0210_Appe,Appelle 46.wav,"P: Allô l'pompiers? P: Oui l'pompiers Bgayet an3am? C: Assalam u3alaykum. P: Wa 3alaykum assalam. C: tamgharth yema theghli gekham, cité CNS. P: Wallah ma sliɣ-ak d-eg-ma anwa? C: thamgharth yema theghli gekham, cité CNS. P: Wi, anida? C: Cité CNS bâtiment 3. P: Anida? C: Cité CNS. P: Cité CNS bâtiment 3? C: Bâtiment 3, ih. P: Ihi l'wa7da n Sidi Ahmed policlinique-nni? C: Policlinique n cité CNS, ih. P: Ihi policlinique sur la droite? C: À droite ih, l'bâtiment amezwaru i n-iqerben l'brid. P: Ah d'accord. Wuchu l'fami s-isem? C: Khacha. P: Anwa? C: Khacha. P: Khacha, Khacha. D'accord. C: Ilaq a n-tasem d-uɣilif s-tama n l7uma-agi. P: D'accord, d'accord. A-t-an l'ambulance at-t-as. C: Sa7it, sa7it. P: À tout de suite.",medical_emergency,unknown,1.0,no,unknown,no,no,request_help,high,Béjaïa,Béjaïa,"Cité CNS, Sidi Ahmed","Cité CNS bâtiment 3, en face policlinique sur la droite, l'bâtiment amezwaru i n-iqerben l'brid","L'appelant demande l'intervention urgente d'une ambulance à la cité CNS (Sidi Ahmed) au niveau du bâtiment 3, près de la polyclinique.","L'appelant mentionne la 'Cité CNS' et le 'bâtiment 3' comme lieu précis. Le pompier confirme le secteur de 'Sidi Ahmed' près de la 'polyclinique'. L'appelant insiste sur l'urgence ('ilaq a n-tasem d-uɣilif') et le pompier confirme l'envoi d'une 'ambulance', ce qui oriente vers une 'medical_emergency'.",False
CALL_0212_Appe,Appelle 68.wav,"C: Chef, c'est moi li 3eyet 3la Cité Tobbal bark, bark l'mra li tahet mel bus, l'rjliha bark. R: Ah, 3labali. C: Jat l'ambulance ou mazal? R: Wallah goutlek a chef l'ambulances ta3na kamel rahoum occupés. Allah ghaleb. Stenna chwiya bark, hadik hiya... C: Ch7al nstenaw? R: Wallah ma neqder ngoullek. Rahoum occupés kamel l'ambulances ta3na. Mel sba7 ma yhabsoch. Kayen les matchs, kayen les sports l'youm, 3la dik occupés. C: Aya kifach ndirou? Ma lqit n° wahed akhor ta3tihena? R: Ah makanch... Stenna, qoul-lha tstenna chwiya bark wala 3andha la famille... C: Chef, 3labalek rahi tqia! Tqia! R: Tqia? Balak 3andha fracture. Machi daykha wala rahi consciente? C: Daykha chwiya... consciente mais daykha chwiya. R: Chouf, hiya l'miliha ida 3andha la famille-tha menna qrab Béjaïa Ville... T3aytou l'la famille-tha ijou idouha wala tstenna l'ambulance... C: Ah chef, ana rani passager bark. Hadou rahoum 3rab, rahoum dhyin. Rahi 3andhoum ghir l'bnat bark. Ana dert mobadara rani n3ayet. R: Ouhoum machi menna? C: Wallah machi menna, rani jamel 3la biha rani ntedakhel. R: 3labali faqtek... Allah ghaleb l'ambulances ta3na kamel occupés. Balak tewjed 3la 10 dqayeq. C: 10 dqayeq? Ma3lich nstenaw... Les bus ifoutou 3liha, rahi mbloukiya triq. R: Allah ghaleb, stenna chwiya. Kayen les matchs... C: Ma3lich, ana rani passager bark... L'arrêt ta3 Tobbal li tla3 l'étude li tji men Port Sarazine... Sidi Ahmed... R: Sidi Ahmed daxel? C: Exactement, Cite Tobbal l'arret win igarou les bus. R: Mriqla a chef, nstenaw.",accident_pedestrian,severe,1.0,no,no,no,no,request_help,high,Béjaïa,Béjaïa,Cité Tobbal,"L'arrêt ta3 Tobbal li tla3 l'étude li tji men Port Sarazine, Sidi Ahmed, win igarou les bus","Un passager signale une femme blessée suite à une chute d'un bus à l'arrêt Tobbal. La victime présente des vomissements, des vertiges et une possible fracture à la jambe.","L'incident est classé 'accident_pedestrian' car l'appelant dit 'tahet mel bus' (tombée du bus). La sévérité est 'severe' à cause des symptômes décrits : 'tqia' (vomissements), 'daykha' (vertiges) et suspicion de 'fracture'. Le lieu est identifié via 'Cite Tobbal' et 'Sidi Ahmed' à Bejaia.",False
CALL_0211_Appe,Appelle 61.wav,"Hata-yi terminus. Bloc n l'appartement-n-ni... attan gevrid ,pratiquement attan gevrid, mais atsan l7aq 4ème étage. vgayeth ukssar attvin. Merkz-ulu 034 10 32 40. 10 32 40... dqiqa kan bach ak-id-confirmer. 30 40... 32 40... dqiqa kan bach ak-id-confirmer agma. Aqlin 4ème étage l7aqat-id... l'famina-inu ur-as-zmiren... l'famina d l'dakhel. 30 40, c'est urgence, aqla-iyi l'château d'eau exact, terminus. 30 40. Tebyen-ayi-n aka s-uzada-y-id l7aqat 4ème étage. D'accord, saha.",fire_building,unknown,,yes,yes,no,no,request_help,critical,Béjaïa,Béjaïa,chateau deau (Terminus),"Terminus , bloc, 4ème étage, près du château d'eau et des oliviers",Incendie au 4ème étage d'un immeuble au terminus de chateau deau  à Béjaïa. La famille de l'appelant est bloquée à l'intérieur.,L'appelant utilise 'l7aqat' pour indiquer que le feu a atteint le 4ème étage. 'L'famina d l'dakhel' indique des personnes piégées.  et le point de repère 'l'château d'eau' confirment la localisation à Béjaïa ville.,False
CALL_0212_Appe,Appelle 97.wav,"F: Machi enceinte la, khati. M: Ah bon? F: Oui. M: Mch'it 3lik? F: Uhu. M: T3al l'test? F: Oui, tkhdem l'test u kulluch, khati machi enceinte la. M: Ah oui? F: Eh. M: Machi diabétique? F: Non, machi diabétique. M: La tension? F: Justement, shuf kther la tension, ba3d sa3a l'appareil-nni amch'ed t-qiseth, ba3d za3ma wesh am-enni za3ma les signes-nni exact, ma tullia sa tension negh a-st-teras. M: Sebba am-ella pour qu'elle se repose kamel. Th'elqeth, juste at-th'elaq sheliya shewiya t'ardis-aki, sheliy'as déjà imettawn-is f'usumta. Juste at-thesta3fu, u za3ma omba3d mella i-saffa negh ur i-saffa. F: D-akagi ma t-tsaffa. M: Eh, tura mella Doliprane, i-yef-n-Doliprane c'est tout, sinon si ça va pas tu rappelles. F: D'accord, saha. Merci, barakallahufik, ar thilamt. M: Ar thilamt.",medical_emergency,minor,1.0,no,no,no,no,request_help,low,Béjaïa,Béjaïa,Inconnu,Inconnu,Appel pour un conseil médical concernant une patiente dont le test de grossesse est négatif mais qui présente des variations de tension artérielle.,"L'appelante mentionne 'la tension' et 'l'appareil' (tensiomètre). Le régulateur donne des conseils de repos ('se repose', 'thesta3fu') et suggère du 'Doliprane'. Absence de détresse vitale immédiate, niveau d'urgence faible.",False
CALL_0212_Appe,Appelle 79.wav,"Anam? - Allo, l'annic Bgayet? Akhi l'himaya? - Win Bgayet, win? - ness3a dayi yieth la damme collegue de travail thdukh chweya. Ar kamal bureau de recrutement. - Anda? - Ash-tamal bureau de recrutement. - Anda yella bureau de recrutement? - Bureau de recrutement en face... en face mudiriyat at-taqa, i-Bgayet. - Bureau de recrutement, mudiriyat at-taqa? - Ih... arwa7 bureau de recrutement tifid-id asabrin n t3assa. - Anda tella ketch? Ma indikum quartier sgher, anda tella? - Ma3lic, ma3lic, tsema... b-blaqel. Cite zedma. Ana perturbé chwiya, si t'sedma... si t'sedma. - Cite Isma? - Cite Isma, Achbal l-Oumma, ad-tattr-eḍ wa7ed was-it netta bureau de recrutement... d-apiste n l'ibri. - D'accord, ih. - L'annic. Atiti chwiya, sa7a.",medical_emergency,minor,1.0,no,no,no,no,report_incident,high,Béjaïa,Béjaïa,Cite zedma,"Bureau de recrutement, en face de la Direction de l'Énergie (mudiriyat at-taqa), à côté de Achbal l-Oumma, au niveau du poste de garde (Cite zedma)",Un homme signale un accident de travail survenu près du bureau de recrutement à Béjaïa. La victime est étourdie par le choc et se trouve au niveau du poste de garde(Cite zedma).,"L'appelant utilise 'accident de travail' et décrit une victime qui est 'sidoukh' (étourdie) et souffre de 't'teghli' (tomber), ce qui oriente vers medical_emergency. Le lieu est très précis : Cité zedma, face à la Direction de l'Énergie (mudiriyat at-taqa) et au Bureau de recrutement.",False
CALL_0209_Appe,Appelle 41.wav,"Allô salam alaikoum les pompiers ya... W3alaikum slam inek. Allah yselmek. G l3anasser, g l3anasser, ykhdem mahzouz i l'prudence g l'rya7u... ah... mahzouz i l'rya7u... ah, g l3anasser, iwen l'camion idhem argaz ed daxel l'garage. W t-ttomobil? Iyeh, idhemm-it su l'camion, ay 7achakum, idhemm-it su l'camion. Abchite? Yakhi les pompiers? Iyeh, Abchite nagh amek? ifegher... Yakhi les pompiers? Iyeh, d'les pompiers, iyeh. G l3anasser, anda tetted-demet m'lih... g l'rya7u, g l'mahzouz... as-agi iwen l'camion idhem argaz d'axel l'garage ay gma, rwa7en rrabid... Ad-ndhou d'accord iyeh. Ayya rwa7 rrabid w l-baraka ay mna3. D'accord. Ayya dhemm-it su l'camion.",accident_vehicular,severe,1.0,no,unknown,no,no,report_incident,critical,Béjaïa,Béjaïa,ireyahen,"ireyaheni, Mazouzi",Un homme a été percuté par un camion à l'intérieur d'un garage dans le quartier ireyahen Le témoin demande une intervention immédiate car la situation est grave.,"L'appelant mentionne 'l'camion idhem argaz' (un camion a percuté/écrasé un homme) dans un garage, ce qui définit un accident véhiculaire avec une victime. La localisation 'ireyahen' . L'urgence est 'critical' car l'appelant demande de venir très vite pour que la victime survive ('ay mna3').",False
CALL_0210_Appe,Appelle 58.wav,"Halo. - Na3am? - Les pompiers... s'il vous plaît ltheker la masse dayi g bloc negh 48 logements. - Ufella n'commune? - Ufella n'commune, i-kart-ni d l'compteur. - Seddouk Centre? - Seddouk Centre. Oui, suf n'sonelgaz sweswa. - A Sonelgaz? - Oui suf n'sonelgaz, suf n'sonelgaz. 48 logements. - Lela n'bom- les pompiers n'Bgayet a madam... d asen-d reghir les pompiers n'Seddouk. - I qla3, i s-i-gla3 i-ktir timis, ddaxan d berkan, n-seksef asen i g-bloquiyen-ina. - Ah, d l-tiqan, d l-tiqan... ad d-yeffagh ddaxan. - Ad d-yeffagh d l-tiqan, me-gal ad t-tas-d, ad d-yessub a3ecran d-ga d-daxel uxxam. - Ah. Bla d-l-tiqan l-dis-an, f-itt-id d-yuk u-bhari-k. - Barkezid, barkezid s'il vous plaît nasa d-ru7en ya. Nasa d-ru7en, nasa d-teqsed yessun a-problème. - Sa7a. - Halo.",fire_building,severe,1.0,yes,yes,no,no,report_incident,critical,Seddouk,Seddouk,"Seddouk Centre, 48 Logements","Ufella n'commune, suf n'sonelgaz sweswa, 48 logements","Un incendie s'est déclaré dans un bloc d'appartements (48 logements) à Seddouk Centre, commençant apparemment au niveau du compteur électrique, avec une épaisse fumée noire et des personnes bloquées à l'intérieur.","Mots clés : 'timis' (feu), 'ddaxan' (fumée), 'l'bloque' (bâtiment/bloc), '48 logements' (adresse), 'l'compteur' (origine électrique). L'appelant mentionne que les gens sont bloqués ('bloquiyen-ina') et l'urgence est vitale ('nasa d-ru7en' : les gens partent/meurent).",False
CALL_0210_Appe,Appelle 48.wav,"Allô, n3am. As-salamu alaykum. Azul fell-awen, salam. Azri... azri d-akkin is-kupi. Ah? Is3a mator, is3a motor l'urgence a-t-yawit. Ani? Anda? L'habitat Djermouna. Djermouna? Eh, f-esslama-t. Ah Kherrata, a-khe? Eh. At-k-efka n-numiru n-Kherrata, at-k-efka n-numiru n-Kherrata, bghigh a-t-awit l-sbitar, ma-d-yettasem. Eh, bi-sur ad-as-n ay-amdakkul. Aywa, ma d-it-texter a-khatar i-kull-m-a i-ru7 ad-ikker. Markik-k n-numiru n-Kherrata l-3ayachin, sfehmit ani. Arwa7, zid-en-nni. 034... 034... Eh, n-n3am eh. 18... 51... 21... C'est bon? Iyya d-t-asnem d-gher-da acu? Eh, Kherrata da-yi, l-sel3a d-za-yak, iqli-k b-Bgayet, nukkni b-Bgayet, l-3awi n-dak-in l-pumpiya n-Kherrata ad-alin. Sfehmasen ani ad-alin. Iyya xlas, sahit, sa7a, b-esslama.",medical_emergency,severe,1.0,no,no,no,no,report_incident,high,Kherrata,Kherrata,Djermouna,L'habitat Djermouna,"Un malade  à Kherrata, au niveau de l'habitat Djermouna. La victime es incapable de se relever, nécessitant une évacuation immédiate vers l'hôpital.",L'appelant mentionne 'is3a mator' (il a une moto) et 'l'urgence a-t-yawit' (il faut l'emmener d'urgence). L'expression 'i-ru7 ad-ikker' (il essaie de se lever mais retombe) indique une incapacité physique suite au choc. Le lieu 'Djermouna' à 'Kherrata' est clairement identifié. L'opérateur transmet le numéro direct de la caserne de Kherrata ('numiru n-Kherrata l-3ayachin').,False
CALL_0212_Appe,Appelle 98.wav,"Allo? — Oui. — Salam alaykoum. — Alaykoum assalam. Les pompiers? — Les pompiers. — L3aynek, thlamm l'pompiers n'Lqser, aqla dayen l'entrée n'l'autoroute. — Ih, l'entrée n'l'autoroute. — Dayen sra l'accident dayi... tartaq tayen l'pneu n'Santac-nni, u ye3jeb-iyi-d w-uzayar n-ukamyu. Alors l3aynek mderda3a chwiya. — Accident? — Ih, accident rapide, rapide. — Le lieu exactement? — Aqla deg Lqser yak? Han! L'entrée n'l'autoroute. L'entrée n'l'autoroute. — L'entrée n'l'autoroute? — Ih, uqbel l'autoroute, uqbel. — Uqbel l'autoroute? — Ih, s-daw n'twilli yak? Aqla s-daw n'twilli yak? — Kunnwi aql-akunt deg Bejaia, neqla deg Bejaia. — Ah d'accord, l3aynek, ih. — D'accord, donc abrid-agi n'ukshum n'l'autoroute. — Ih, d'accord, saha.",accident_vehicular,unknown,1.0,no,unknown,no,no,report_incident,high,El Kseur,El Kseur,L'entrée de l'autoroute,"L'entrée n'l'autoroute, uqbel l'autoroute, s-daw n'twilli","Signalement d'un accident de la route impliquant un camion et un véhicule de type Santac à l'entrée de l'autoroute d'El Kseur, sous le pont.",L'appelant utilise 'l'accident' et décrit la collision entre un 'kamyu' (camion) et un 'Santac' (véhicule de transport). 'Tartaq' (éclaté) indique l'origine probable (pneu). La localisation est précise : 'Lqser' (El Kseur) et 's-daw n'twilli' (sous le pont/passage supérieur).,False
CALL_0210_Appe,Appelle 57.wav,"Allo, salam alykum, c'est la Protection Civile? - An3am. - Salam alaikoum. Ssa7a, daya l'malade i-grava chwiya. Ugzmirermachi haja anawi s  s-tonobil-iw nparcq irez akith. L'3abd ameqran. Za3ma ila tawimt. - Anda? - D-nekni dagi ig-Tin-Bzar. Tinbdar à la cité Makhlouf Khalifa, l'aposte. - Tinbdar... achi-ttaba3 m-kunu... ach-t-id-l-cheminée nagh? - Sidi Aich. Sidi Aich. - Sidi Aich? K-numéro n-pompiers n-Sidi Aich. At-t-ini-gh exactement anda-k-t-ed-dor. - Ag-has-f-gh-t-kammara d-numéro-agi bash at-t-semmi... - 034... - 034... - Ambade-k 86... - 034 86... - 07... - Khes-sin-igguren ach-chfu-gh parce que t-chub-arwen-ayi. - 07 80, 07 80. - 07 80. Sa7it. Sa7it. Yar7am l-waldin. Sa7it.",medical_emergency,severe,1.0,no,no,no,no,request_help,high,Sidi Aïch,Sidi Aïch,Tin Bzar,"Tinbdar à la cité Makhlouf Khalifa, l'aposte",Un appelant signale une personne âgée dans un état grave à Tinbdar  (Sidi Aïch) et demande une évacuation. L'agent lui transmet le numéro direct de l'unité de Sidi Aïch.,"L'appelant mentionne 'l'malade i-grava' (le malade est grave) et 'l'3abd ameqran' (une personne âgée). Il précise ne pas pouvoir le transporter dans son véhicule personnel. Localisation précise : 'Tinbdar 
' à 'Sidi Aich' près de 'l'aposte' (la poste) et de la 'cité Makhlouf Khalifa'.",False
CALL_0212_Appe,Appelle 75.wav,"Allo? Allo, an3am. Salamu3likum. Wa3likum slam, les pompiers n Bgayet? Ih,ness3a yemma ttwaqrah attnawi ar sbitar...anda?, aqlagh imehdiyen. imehdiyen  Ih, imehdiyen . Aqla imadiyen nna. Imadiyen... Ih. Donc, wa7ed l'edwaniyer, l'khir? Ah, a3tik saha... Wesh l'famille-nkun dagi? Ouaret. Ouaret? Ih. At-tef ad-teffed s Imadiyen. Ah? No, amkan exact? Abrid n soufane, at-tsisiou. At-tsisiou? Ih. Wesh l'famille-nkun? Famille Ouaret, ncha3allah ad ya3fu rbi. D'accord, ih. Ali kan s-idda ad-nwalla... Saha.",medical_emergency,unknown,1.0,yes,unknown,no,no,report_incident,high,Béjaïa,Béjaïa,imehdiyen ,"l'piste n imehdiyen , abrid n soufghane, at-tsisiou, famille Ouaret",Signalement d'un incendie domestique dans le quartier imehdiyen  sur les hauteurs de Béjaïa. L'appelant précise que l'accès se fait par la piste et donne le nom de famille Ouaret comme point de repère.,L'appelant utilise 'l7riq n ddar' (feu de maison/bâtiment) ce qui justifie incident_type='fire_building'. Les localisations 'imehdiyen ' et 'abrid n soufane' situent l'incident sur les hauteurs de Béjaïa. Le terme 'l'piste' est typique du code-switching local.,False
CALL_0209_Appe,Appelle 32.wav,"Darik el watani? Eh, ta wach? Kayen accident 3la niveau de Sidi Aïch bark. Sidi Aïch? Eh, l'autoroute. W waqtach? Douka, actuellement, douka rana sur place. Hna kuna passager 7besna, rak fahamni? Eh, wach kayen exactement à Hadrat? Wahed kshghol m'blessi chwiya fi kura w hakadha majrouh, w mrid b sokar et tout. Eh, accident ta3 wach? Moto wala véhicule? Camion, camion H100. Camion wa7dou? Ah, la la, m3a wahed. H100. Win blasa exactement? Sidi Aïch exactement hna... en face Sidi Aïch, en face, chouf, chouf l'échangeur ta3 Remila, entouma win, entouma win? Hna Bgayet, hna Bgayet. Bgayet, Remila, l'échangeur ta3 Remila. Eh. Jiti tkamlou l'3aqba hadik talkouna. Ah, win kayen... win kayen hadik la trémie? Win kayen l'tunnel? Tunnel? Tunnel, tunnel. La la, mor l'tunnel l'hna, l'hna. Ki tji m' lala... l'Elmathen... Timzrit? Jiha hadi, eh. D'accord donc... d'accord a chef, d'accord. Ay qoulhoum yezrbou bark, ssed mrid b sokar, 3labalak. Eh, d'accord, eh.",accident_vehicular,severe,1.0,no,no,no,no,report_incident,high,Sidi Aïch,Sidi Aïch,Remila,"l'autoroute, en face Sidi Aïch, l'échangeur ta3 Remila, l'3aqba, mor l'tunnel, jihet El Maten et Timezrit",Signalement d'un accident sur l'autoroute impliquant un camion H100 près de l'échangeur de Remila. Une victime est blessée et nécessite une intervention rapide car elle est diabétique.,"L'appelant mentionne 'accident' impliquant un 'camion H100'. La victime est 'm'blessi' (blessée) et 'mrid b sokar' (diabétique), ce qui justifie une sévérité élevée malgré le terme 'chwiya'. Localisation précise via 'l'échangeur ta3 Remila' et l'axe 'El Maten - Timezrit'.",False
CALL_0212_Appe,Appelle 94.wav,"Allo, Salamou alaikoum. Wa alaikoum salam. Euh, s3igh amodin vghigh attawimt ar svitar. Anida? Boulejlouj.chu thyughen?.lattention ins ttamezyant isisoben athan urizmir ara diherek. nwith deja ngh? Ehk. Anida? S-l-superette Darradji? Khati, machi Darradji. L-jiha n-iden, l-superette n-snat-ni n-qarnas l-wa7ed samir ak bouulam. i. Ad-ina-z-id-as Skala, nekkni neqnas zik Skala. Eh, eh. L-7da n-r-da-s d-inna l-wa7ed Skala shopping ni n-zik. Eh tura d-zik, am-ak-id-as-en, taqcict. Rouh. Rouh, sa7a. D'accord, sa7a, sa7a.",medical_emergency,unknown,1.0,yes,no,no,no,report_incident,high,Béjaïa,Béjaïa,Boulejlouj / Skala,"À côté de l'école primaire, près de l'ancienne supérette Bouhaleb et du lieu-dit Skala (Skala Shopping).",Un appelant signale un incendie à Boulejlouj un malade ,"Boulejlouj , malade qui besoin dune ",False
CALL_0210_Appe,Appelle 59.wav,"Allo, salem alikom. Salem. Les pompiers ? An3am, protection. 3aka achra rabi yahennik, l'adresse n'groupe taghlalt ma3likoum l'assisterat da g'Ouzarouzar. Ouzarouzar ? Itkan numiro wath ghar laya s'n'ass th'adresse. Marki l-numiro. D'qiqa ha... 3aka. 030 16 92 92. 16 92 92. 92. 16 92 92. 92. Sahhit, sahhit. Sahhit.",other,none,,no,no,no,no,request_help,low,Sidi Aïch,Tifra,Ouzarouzar,ighzer ouzarif,L'appelant demande l'assistance des pompiers pour un groupe situé à Ouzarouzar (commune de Tifra) et échange des coordonnées téléphoniques.,"L'appelant utilise le mot 'assisterat' (assistance) pour un site spécifique 'groupe taghlalt' à Ouzarouzar. Il n'y a pas de mention explicite de feu, de blessé ou d'accident. C'est une demande de coordination ou de présence préventive.",False
CALL_0211_Appe,Appelle 63.wav,"Izghal, Izghal... - Anda? - Izghal, lflaye, Izghal. - Sidi, les pompiers n Bgayet. Anda tzeguegh Izghal-nni? - Izghal... Sidi Aïch, Sidi Aïch, lflaye. - Sidi Aïch lfaye? - An3am, an3am. Ih, gl'arrêt... - L'arrêt? L'arrêt de bus? - Pratique, l'kaddar, taddart n Izghal. - Ma3liche aydkarn nimiru n Sidi Aïch asen nsiwel? - Bien sûr, ah. 034...",medical_emergency,unknown,1.0,yes,unknown,unknown,unknown,report_incident,high,Sidi Aïch,Sidi Aïch,Izghal,"gl'arrêt de bus, taddart n Izghal lflaye","Signalement d'un incendie dans le village d'Izghal lflaye (Sidi Aïch), à proximité d'un arrêt de bus.","L'opérateur utilise le verbe 'teghli' , elle est tomber Le lieu est identifié comme 'Izghal' dans la région de 'Sidi Aïch'. 'Taddart' (village) lflayeet 'l'arrêt de bus' servent de repères spatiaux.",False
CALL_0212_Appe,Appelle 84.wav,"Ssalem u3likum. Ssalem u3likum. Hadra rak 3la... sid u l'autoroute darbuwah l'oto f Boujlil, l'autoroute Bejaia. Win? Boujlil, l'autoroute Bejaia. Boujlil? Boujlil, l'autoroute. C'est bon, rana jayin ltem qreb. Nseddu l'ordin. Issekk s-syid mazal-u normalment 7ay. Rana 3iyetna-l-um safi 3endha we7da 40 minutes gul-na... Qreb nla7qu, arat qreb nseddu. I s-sa7it. Sa7it.",accident_pedestrian,severe,,no,no,no,no,report_incident,high,Béjaïa,Boudjellil,Boujlil,"Boujlil, l'autoroute Bejaia","Un piéton a été percuté par une voiture sur l'autoroute au niveau de Boudjellil. La victime est encore en vie, mais l'appelant signale une attente de 40 minutes.","L'appelant utilise 'sid' (monsieur) et 'darbuwah l'oto' (ils l'ont frappé avec la voiture) ce qui indique un accident de piéton (accident_pedestrian). Le lieu est clairement identifié comme 'Boujlil' (Boudjellil) sur 'l'autoroute'. L'état de la victime est décrit comme 'mazal-u 7ay' (encore vivant) après un choc sur autoroute, justifiant la sévérité 'severe'.",False
CALL_0209_Appe,Appelle 37.wav,"L7imaya na3am allo. Allo, kany l'accident de circulation f'CW 43, Sumi, au niveau Ruche-Noire après le mécanicien en venant de Toudja. Toudja? Ah? Abrit n'Toudja? In3am i. Les blessés lanna? Wa3lem ghari, me kheli ghar l'asbah d'l'hopital... azraq aachichiw.. alors un camion y-mqlab dinna. D'accord sahit a gma, d'accord. L'gendarmerie déjà informé. D'accord barak allah fik sahit. Ibarek fiek sahit.",accident_vehicular,unknown,,no,unknown,no,no,report_incident,high,Béjaïa,Toudja,Ruche-Noire,"CW 43, Suni, au niveau Ruche-Noire après le mécanicien en venant de Toudja",Signalement d'un accident de la circulation sur la CW 43 impliquant un camion renversé à Ruche-Noire en direction de Toudja.,"L'appelant signale un 'accident de circulation' avec un 'camion y-mqlab' (camion renversé), ce qui justifie accident_vehicular. L'emplacement est très précis : CW 43, Ruche-Noire, Suni. Pour les blessés, il dit 'wa3lem ghari' (je ne sais pas), donc injury_severity est unknown.",False
CALL_0209_Appe,Appelle 29.wav,Protection Civile Allo? [Silence],unknown,unknown,,unknown,unknown,unknown,unknown,false_alarm,unknown,Inconnu,Inconnu,Inconnu,Inconnu,Appel silencieux où l'opérateur de la Protection Civile décroche mais n'obtient aucune réponse de la part de l'appelant.,L'appelant ne s'exprime pas. On entend uniquement la voix de l'opérateur à 00:01 disant 'Protection Civile Allo?'. Absence totale d'informations sur un quelconque incident.,False
CALL_0208_Appe,Appelle 201.wav,"Allo ? Allo les pompiers ? Ouais. Ased aa ... ar-sid-ali... ar-sidi-ali bhar... 140 logements... as-sa-u-wher... ad-fites... Sidi-Ali u-bhar ? Eh, 140 logements. Ouais, 148 ? 140 ? 140 logements ? 140 logements. Dachu s-yettih ? Dachu l'bloc ? Am-m-bloc waya ? An-n-bloc ? Anwa -bloc wayi ? anwa-bloc ? A  140 logements, lan wahed 3 les blocs kan d'les blocs-n-wen. Eh, d'les blocs-ni n'ou-vrid ? Eh. Dachut i-yugh l'malade-agini ? Dachut i-yu... A-la3aks n-wul. Dachu i-yuwen ? Dachu-t iss3a ? La crise, la crise n'wul... khatchi d-l'epileptique. Irwa7 sur-ayew ! Sid-umast ! Ak-id-steqsi-gh, wak-it-ne-id-t-3eggu-d ara... it-fhemed dachu i-glan ? Isma-k id-irja t-khmed-d was n-zer nekkni achak-id n-chegga3. tfith, la crise n-wul mli7. Wala, taw-ala-d l'crise n-wul wala l'crise d'jara7 ? At-t-f-teffas s't-kuffa. A-ru7, 3ass-it-id i-v-ar, 3ass-it-id i-v-ar.",medical_emergency,severe,1.0,no,no,no,no,report_incident,high,Béjaïa,Béjaïa,Sidi Ali Labhar,"140 logements, les blocs n-vrid (les blocs au bord de la route)",Un homme signale une urgence médicale grave pour une personne faisant une crise cardiaque ou d'épilepsie aux 140 logements de Sidi Ali Labhar.,L'appelant mentionne 'crise n'wul' (crise de coeur) et 'l'epileptique'. Le lieu est identifié comme 'Sidi-Ali u-bhar' au niveau des '140 logements'. La gravité est soulignée par 'teffas s't-kuffa' (il mousse par la bouche).,False
CALL_0210_Appe,Appelle 52.wav,"Alo assalamou alaykoum. Salam, a3likoum salam, les pompiers Akbou? An3am. An3am, aadalim arda Sidi Ali,s3igh vava damodin, athawigh ar svitar athan inter grafghend tura les pompiers ar sid ali , uzirghara m,a cest le mem ngh khati nnan-asizmer lhal ttina sawled wetma tura.. Ih, fkes-en ayetkanni numiru, kounfirmi asku s-t-ilm-am walla d-khatid, paske nnan-d d-imiren tura 3la l'imara skousil l'ebna khatid. Ih, n-niy-as t-tsawel oultma, nnan-as iql-a-ten, n-3awed 3awedn kida. Ih, f-azzoun d-imira d-ousan. D'accord ajjar. Saha. Aha.",medical_emergency,severe,1.0,unknown,unknown,no,no,report_incident,high,Akbou,Akbou,Sidi Ali,"mweyn n l'bab l'hopital (vers la porte de l'hôpital), l'imara (le bâtiment)","Signalement d'un incident grave à Akbou, quartier Sidi Ali, près de l'entrée de l'hôpital impliquant un bâtiment ou une structure.","L'appelant utilise 'meqrane grave' pour souligner l'urgence. Le lieu est précisé par 'l'bab l'hopital' (la porte de l'hôpital) et 'l'imara' (le bâtiment/l'immeuble). L'incident semble sérieux mais la nature exacte (effondrement, accident, urgence médicale) n'est pas nommée par un mot clé spécifique comme l'hriq ou l'accident.",False
CALL_0209_Appe,Appelle 21.wav,"Himaya an3am? Hello? Salamou 3laykoum. Wa 3laykoum assalam. Les pompiers n Kherrata? nevgayeth. Ma3lichaydefked'numéro n Kherrata? Wa D'ra3 el Gaid da. Kherrata, Kherrata. Ichi n Dra3 el Gaid itgharata? Aha, Kherrata ext. marque ghorek 034...,wayi nkharata, lma yella lambulance n kherata L'ambulance n Kherrata athan thefegh Dra3 el Gaid. At-patientid chwiya, d'accord? Ayih ma3lich. 0 034 18 51 21. 51 21. safait thefegh thura hama th3awded thkechmed? ih ihAya d'accord, saha, saha.",unknown,unknown,,unknown,unknown,no,no,request_help,unknown,Kherrata,Kherrata,kherrata,kherrata,L'appelant sollicite les pompiers de Kherrata pour une intervention (ambulance) kherrata,"L'appelant demande spécifiquement 'Les pompiers n Kherrata' et mentionne 'l'ambulance' pour un lieu précis kherrata - PK34', . L'opérateur redirige ou coordonne avec l'unité de Draâ el Gaïd.",False
CALL_0208_Appe,Appelle 2.wav,"Alo, salam aleykoum. les pompiers n seddouk ? - vgayeth - nes3a un malade dayi ighli gel'qahwa n'Hidra. - L'qahwa n'Hidra ? - Eh. - Bon, dachu thyughun ? - Eh, je pense l'tension sighlin - Ah oui... andha thla l'qahwa n'Hidra-yi ? - F'Seddouk, Seddouk. - Anwi amkan ? Seddouk ville ? - Seddouk ville, centre-ville , l'cafétéria Hidra. - Ok, d'accord. - Saha. - Saha.",medical_emergency,unknown,1.0,no,no,no,no,report_incident,medium,Seddouk,Seddouk,"Centre-ville, Cafétéria Hidra","Centre-ville, l'cafétéria Hidra",Un appelant signale un malaise (chute de tension artérielle probable) au sein de la cafétéria Hidra située au centre-ville de Seddouk.,L'expression 'l'tension s'est allée' est typique pour désigner une chute de tension artérielle (malaise). 'L'qahwa n'Hidra' et 'Seddouk ville' ont permis d'identifier précisément le lieu.,False
CALL_0209_Appe,Appelle 23.wav,"Allo... Anwa amkan? derguina , nig la daira,tve3 la daira avrid nu ussawn, senig la daira tev3egh avrid dassawen? ih,derguina daderguini,letat ins amk? ittgami dived,ittgami dived ghori tomobol zmiregh ara thidedmegh. C'est urgent, c'est urgent mlih mlih, lihh tout de suite tout  de suite....daccord i.",medical_emergency,severe,1.0,no,unknown,no,no,report_incident,critical,Darguina,Béjaïa,derguina,"derguina , avrid la daira ussawen","Un malade a fait une chute sous un olivier situé à Darguina, au-dessus de la mairie. La victime est consciente mais ne peut ni marcher ni se relever seule. Une intervention des secours est nécessaire pour une prise en charge médicale","L'appelant répète 'derguina' et 'souf la mairi' pour localiser précisément. Les termes 'l'accident', 'otomobile' et 'Toyota' identifient le type d'incident. L'expression 'rahi temchi ddem' (le sang coule) justifie la sévérité 'severe'. L'urgence est qualifiée de 'mlih mlih' et 'tout de suite', d'où le niveau 'critical'.",False
CALL_0212_Appe,Appelle 87.wav,"Allo... Slam alikoum. - Slam, rahmatullah. - Protection civile. - S'il vous plaît, ye-lla l'arrêt de Tobal dayi, iruh yvanoui. - L'arrêt de Batte? - L'arrêt de Batte, l'arrêt de Batte. C'est un habitué, c'est Slimane. Tes-twasen-t... - Iyeh, iyeh. Hani rayeh, t-tsmat-ek. Iyeh, yawe, ya3tik essaha. - Saha. - Saha.",medical_emergency,unknown,1.0,no,no,no,no,request_help,high,Béjaïa,Béjaïa,Tobal,l'arrêt de Batte de Tobal,"Un homme nommé Slimane, connu des services ou du quartier, s'est évanoui à l'arrêt de bus Batte à Tobal.","L'appelant signale une personne qui est 'iruh yvanoui' (s'est évanouie), ce qui indique une urgence médicale. Le lieu est précisé comme 'l'arrêt de Tobal' et plus spécifiquement 'l'arrêt de Batte'. L'identité de la victime est mentionnée (Slimane).",False
CALL_0212_Appe,Appelle 91.wav,"Allo l'pompiers? Allo? Hmid amalo, allo? Hmid amalo, allo?",unknown,unknown,,unknown,unknown,unknown,unknown,other,low,Inconnu,Inconnu,Inconnu,Inconnu,"L'appelant contacte les pompiers mais ne signale aucun incident, répétant le nom de 'Hmid' avant de couper.","L'appelant utilise 'l'pompiers' pour établir le contact mais ne fournit aucun détail sur un accident ou un incendie. Présence de 'Hmid' qui semble être un prénom. Absence de mots-clés d'urgence (l7riq, accident, etc.).",False
CALL_0212_Appe,Appelle 74.wav,"L'7imaya lmadaniya, allo? ... Allo? ... (bruit de coupure)",unknown,unknown,1.0,unknown,unknown,unknown,unknown,false_alarm,unknown,Inconnu,Inconnu,Inconnu,Inconnu,Appel silencieux ou interrompu dès le décrochage. L'appelant ne répond pas aux sollicitations de l'opérateur.,"L'opérateur s'identifie (L'7imaya lmadaniya) mais il n'y a aucun retour vocal de l'autre côté, seulement des bruits parasites avant la fin de l'appel.",False
CALL_0212_Appe,Appelle 86.wav,,unknown,unknown,,unknown,unknown,unknown,unknown,report_incident,unknown,Inconnu,Inconnu,Inconnu,Inconnu,,,False
CALL_0212_Appe,Appelle 82.wav,"Salamou3alaykoum. - Wa 3alaykoum essalam. - Les pompiers ? - Les pompiers, weh. - Kayan l'accident f'autourout. - L'autourout win exact ? - Allo ? Allo ?",accident_vehicular,unknown,,unknown,unknown,unknown,unknown,report_incident,unknown,Béjaïa,Béjaïa,autourout.,autourout.,L'appelant signale un accident de la route au niveau d'El autourout. à Bejaïa. La communication est coupée brusquement.,"L'appelant utilise le mot français 'l'accident' précédé de 'kayan' (il y a). La localisation est donnée par 'f'lautourout.' (à El Boraq, quartier de Bejaïa). L'absence de détails sur les blessés ou la gravité est due à l'interruption prématurée de l'appel.",False
CALL_0209_Appe,Appelle 20.wav,"allo?dqiqa bark aa...werana werana?..allo?akhir,aqlagh wahid luniversite,avrid ittawin imelala,..avrid ittawin imelala?ih wahid portail universite jiha chamal..sufel l pont?..ih sufel lpont..achu gellan?..une accident amoto wahi wayet ,urgent chweya..iblessi chweya wayi..wahi wachu?..amoto wahi tomobile..daccord , sufel l pony",accident_vehicular,severe,1.0,no,no,no,no,report_incident,high,Béjaïa,Béjaïa,Aboudaou (Université),"wahid l'portail l'université, avrid ittawin imelala",Signalement d'un accident de la circulation entre une moto et une voiture sur le pont près d'un portail de l'université d'Aboudaou. Un blessé léger est signalé sur la chaussée.,"L'appelant mentionne 'accident a moto' et 'tomobil' (véhicule motorisé). Le terme 'yejreh chwiya' (blessé un peu) définit la gravité comme mineure. La localisation est précise : 'Aboudaou', 'l'université' et 'souf l'pont' (sur le pont).",False
CALL_0210_Appe,Appelle 60.wav,"Ya Belaid, la résidence Belkour aya, Quatre Chemins! Afed am l'batiments yterte9 waman. C'est une catastrophe! Anda? L'Ksar? Belkour! Quatre Chemins! Afed am l'batiments yterte9 waman. C'est une catastrophe! G'l bloc? G'l bloc! Nugad l'électricité, dagi ikul d'aman! Anda exactement a madame g'Quatre Chemins deg Bgayet? G'Bgayet! G'Bgayet la résidence Belkour! Belkour... wahed souq l'mela? Wallah... anda khedmen les compagnies ichraren. Ih... dagi wallah c'est une catastrophe, sous-sol kamel. Anla3ed imir-a madame. Voilà! Nugad surtout l'électricité, dagi ikul d'aman. Anla3ed imir-a, aman anla3ed imir-a. D'accord, d'accord, merci, ak ihrez Rebbi. Saha a madame.",other,none,,no,no,no,no,request_help,high,Béjaïa,Béjaïa,"Résidence Belkour, Quatre Chemins","Quatre Chemins, Résidence Belkour, wahed souq l'mela, anda khedmen les compagnies ichraren",Inondation importante dans les sous-sols de la résidence Belkour aux Quatre Chemins (Bejaïa) causée par une rupture de canalisation. L'appelante signale une situation catastrophique et craint un court-circuit électrique.,L'expression 'yterte9 waman' (l'eau a éclaté/jailli) indique une rupture de canalisation. 'Nugad l'électricité' (on a peur de l'électricité) montre un danger immédiat d'électrocution lié à l'inondation du sous-sol ('sous-sol kamel'). Localisation précise aux Quatre Chemins de Bejaïa.,False
CALL_0212_Appe,Appelle 71.wav,"7mawi, salam. - Salam. - Les pompiers hna? - Oui. - L'Kseur? - No, Bgayet. - Donc l3was s-as i-wa7ed 15 minutes, y'avait un accident de circulation, ak-am, une vieille dame, donc l3was glin-as i-t'aren-is, l-id-asyal. - Anam? - Ani, ani exactement L'Kseur. - Ay s-m-is n-imkan-agi exactement? - En face la porte ancienne. - En face la porte ancienne? - Souq el fellah. La porte ancienne exact, Souq el fellah. Ça fait, ça fait 15 minutes i-d-i-sqe3d-as. - D'accord, d-un s-n-re7 L'Kseur. - Exactement, s-u-i-l'v-côté-d-in ma3lich. - Am-blessé ay-llan, i-khe? - Ay-khe une vieille dame, donc cliniquement i-t'aren-is rz-it, d'après protection civile, l-actuel déplacement. - Saha, saha.",accident_vehicular,unknown,1.0,no,no,no,no,report_incident,high,El Kseur,El Kseur,Souk el fellah,"En face la porte ancienne, Souq el fellah",Un accident de circulation impliquant une femme âgée s'est produit à El-Kseur. La victime présente un accideny de circulation a eu lieu il y a environ 15 minutes.,"L'appelant signale un 'accident de circulation' concernant une 'vieille dame'. L'expression 'i-t'aren-is rz-it' indique que ses jambes sont cassées (rz = casser, i-t'aren = jambes), ce qui justifie severity=severe. La localisation est précisée à El-Kseur avec des repères visuels clairs comme 'Souq el fellah' et 'la porte ancienne'.",False
CALL_0208_Appe,Appelle 14.wav,"Allo. - An3am, wlh nes3a un malade ighliyagh dayi gethhanutt gelqouds - gelqouds ii nighas wlh ma nes3a  les ambulance actuellement atan occupé. - Ya... d wayetnin, illa iwen i3ayed 115 taghen ulach. - 034 115 15. - 034 115 15? - Ih, 3awdh l'numéro-ayi daghen. - D'accord, sahit.",medical_emergency,unknown,1.0,no,unknown,no,no,request_help,high,Béjaïa,Béjaïa,lqouds,ayi gethhanutt gelqouds,L'appelant signale une urgence médicale à domicile a lqouds. L'opérateur l'informe que les ambulances sont actuellement occupées et lui fournit un numéro de téléphone alternatif.,"L'appelant utilise 'a l'3ar' (appel au secours) et 'thahanutt' (magasin) pour un incident ('malade'). L'agent mentionne explicitement que les 'ambulances' sont occupées, confirmant le caractère médical. Le lieu est identifié comme 'qouds'",False
CALL_0212_Appe,Appelle 92.wav,"Allo, 7bib, azul. Bon, nes7oq l'ambulance l'mayer n'Ouzellaguen, thewi yiwth la damme thekhdem une chute. Mnaa? Mna3? Mna3 a sidi. Ismis Boumansour Selina. La commune Ouzellaguen? Ih, Ouzellaguen, taddart n Helouane. Taddart n Helouane. S'mensi tni win with i Ouzellaguen Helouane. Khati win t-zqine Acharchour aqar-as kan nni, Ighzer Amokrane, Acharchour. Acharchour, ih. Ighzer, Ighzer Amokrane. Ih. Amek ismis? Ismis Boumansour, Boumansour Selina. Boumansour Selina? Ih. 26 ans. Dachou i d-yousan? Traumatisme, traumatisme l'bassin généralement. La rrivée 7abib, 14:16, 14:50, 15:03. Sa7it, tanmirt.",medical_emergency,minor,1.0,no,no,no,no,request_help,medium,Akbou,Ouzellaguen,Helouane,"Taddart n Helouane, près d'Acharchour à Ighzer Amokrane.","Demande d'ambulance pour une femme de 26 ans, Selina Boumansour, victime d'une chute de hauteur ayant entraîné un traumatisme au bassin à Ouzellaguen (village Helouane).","L'appelant demande explicitement 'l'ambulance' pour une 'chute' d'une 'dame' (femme). La blessure est décrite comme 'traumatisme l'bassin', ce qui justifie une sévérité élevée. La localisation est précisée par 'commune Ouzellaguen', 'taddart n Helouane' et 'Ighzer Amokrane'.",False
CALL_0210_Appe,Appelle 51.wav,"Allo? Allo oui. Oui, les pompiers? Allo? L3nayek m3ah, l-malade. Anda? thessned tajebant tremant. Anda thajebant tremant Eyy... b3id 7ed-nu... as-as-nefham... Ouali Ikhlef, Ikhlef, Ouali Ikhlef. Ikhlef, Ouali Ikhlef? D-Bgayet? Wesh, khati... Aokas, Aokas, Aokas, Aokas. Khamtkenni l-numero n-Aokas... ach n-Aokas? 034... dqiqa kan, dqiqa l3nayek... Dahia... [inaudible]... wisen 3ana portable? 034 84 31 34. 034 84 31 34? Saha. Merci, saha.",medical_emergency,unknown,1.0,no,no,no,no,request_help,high,Aokas,Aokas,"Zitouna, Ouali Ikhlef","thajebant tremant iwsawen (en haut),  Ouali Ikhlef","Une femme appelle pour une urgence médicale concernant un malade situé à Aokas, dans le quartier de Ouali Ikhlef. Elle fournit un numéro de téléphone fixe pour être rappelée.","L'appelant utilise le mot 'malade' et demande 'l3nayek' (je vous en supplie) pour un secours, ce qui classe l'incident en medical_emergency. Elle précise la localisation à Aokas, mentionnant 'Ouali Ikhlef' et 'thajebant tremant'. L'usage de 'iwsawen' indique que le lieu est situé en hauteur.",False
