ID,File,Transcription,incident_type,injury_severity,victims_count,fire_present,trapped_persons,weapons_involved,hazmat_involved,intent,urgency_human,daira,commune,lieu,location_description,summary,notes_cot
CALL_0304_appe,appelle 506.wav,"—vghigh adeclaregh un incendie, début d'incendie dagi gethmezrith? —gachu thech3el? — Cha3let l'hanout-nni n'lxodhra....wa7ed l'rond-point à l'entrée ni tmezrit illan dina g bera... la rentree tmezrith?...ih—la masse? — Eh. —la masse illan— wahid laree ni tmezrith illan g bera. — Ih, d'accord. — Aya sa7a. — Sa7it.",fire_building,unknown,,yes,unknown,no,no,report_incident,high,Béjaïa,Béjaïa,timezrith,"l'hanout-nni n'lxodhra (magasin de légumes), sous-sol, wa7ed l'rond-point à l'entrée de Bejaia, zone industrielle","Signalement d'un incendie s'étant déclaré dans un magasin de légumes situé en sous-sol à l'entrée de Béjaïa, au niveau de la zone industrielle (secteur Blamas).","L'appelant confirme un début d'incendie ('cha3let') dans un commerce ('l'hanout n'lxodhra'). Localisation précise par repères : 'rond-point', 'entrée de Bejaia', et 'la zone industrielle'. Le mot 'Blamas' (ou Gla-mas) sert de point de repère spécifique dans ce quartier."
CALL_0305_appe,appelle 507.wav,"Allo, s3igh une urgence ttamgharth..anda?. — Aql-agh daxela ni zrit anda yela utubal.. Volkswagen,avrid ni la l'zone. — Eh? — Eh...ekchmemd kn ardina aknid3assegh dina... ttema adnekchem agauche aa —ih aydafem kn dina zrid snath les superrete ni tijddin gevrid la zone.. ih ..atred kan chweya arutobal..wachu la famille kechi aseyed ..ikhlef ...eh daccord..aki3eyech rebi 3ijlemd chweya ",medical_emergency,unknown,,no,no,no,no,request_help,medium,Béjaïa,Bejaia,Siège de la Wilaya ,"daxel n-l'wilaya n'Bgayet, l'autobus Volkswagen ",Un appelant localisé au niveau du siège de la wilaya de Béjaïa dans un véhicule de type bus Volkswagen blanc sollicite un transfert vers le nouvel hôpital (Yekhlef Tahar).,L'appelant se situe 'daxel n-l'wilaya' (à l'intérieur de la préfecture) et décrit son véhicule 'autobus Volkswagen l-bidh' (bus blanc). L'opérateur identifie le besoin de transport médicalisé vers le 'sbitar' (hôpital) et précise la destination 'Yekhlef' (Hôpital Yekhlef Tahar de Béjaïa). L'usage de 'an3am' et 'khati' confirme les échanges.
CALL_0305_appe,appelle 508.wav,"CEM Benkhoudja s'il vous plaît,ya un  l'enfant yeghli, un élève. CEM Benkhoudja yeghli g-dourej. CEM Benkhoudja. — Sidi Ali lB7er? — Sidi Ali lBa7er ih. — Rond-point, wina wa7i l'rond-point? — D'accord, sa7it sa7it.",medical_emergency,unknown,,no,no,no,no,request_help,high,Béjaïa,Béjaïa,CEM Benkhoudja,"Sidi Ali l'Ba7ri, rond-point",Signalement d'un élève ayant fait une chute dans les escaliers au sein du CEM Benkhoudja situé à Sidi Ali Labheri.,L'appelant utilise 'yeghli' (tomber/s'évanouir) et 'g-dourej' (dans les escaliers) pour décrire un accident scolaire. Le type 'medical_emergency' est choisi car il s'agit d'une assistance à personne blessée. La localisation est validée par l'opérateur comme étant à 'Sidi Ali l'Ba7ri' près du rond-point.
CALL_0305_appe,appelle 509.wav,"la3nayak ighli yiwn dayi damotin  la cage d'escalier ntqentarth. —wachu la commune wachu la daira ighttgharet alakh lkarim?. — Hah? — ansa ghdesawalet? — Sidi Aïch, souq Sidi Aïch, la cage d'escalier n'tqentarth n sidi aiche , la cage sidi aoch?—akh aydefkegh numero n sidi aich 034... — Ch-hal? — 034... — 034... — 86... — Arwa7 tqiqa kan... 034... — 034 86 07 80. — 07 80. — Très bien. — Saha. — Sahhit. Sahit.",unknown,unknown,1.0,unknown,unknown,no,no,request_help,medium,Sidi-Aïch,Sidi Aïch,La cage d'escalier netqentarth,"Sidi Aïch, la cage d'escalier ntqentarth, numéro de téléphone 034 86 07 80","Un appelant localisé à Sidi Aïch fournit ses coordonnées géographiques précises (cage d'escalier) et confirme son numéro de téléphone fixe pour une intervention, bien que la nature exacte de l'incident ne soit pas précisée dans cet extrait.",L'appelant répète 'Sidi Aïch' et 'la cage d'escalier'. L'opérateur demande 'Wachla derat?' (Qu'est-ce qu'il y a ?) et 'Anda? S'sbitarat?' (Où ? Vers les hôpitaux ?). L'échange se concentre sur la validation du numéro de téléphone fixe (034 86 07 80) typique de la région de Béjaïa.
CALL_0305_appe,appelle 510.wav,"—anighayd akada yiwn dayi isker ghor sonalgaz. — An3am? — akadayi yiwn ites ighli ghor sonalgaz. — isker,ites ngh ighli?— Awah aka ites  mort  une3limara chu thyughen isker ngh.., ghor sonalgaz?...ghor sonalagaz. — D'accord — — Saha, d'accord.",medical_emergency,severe,1.0,no,no,no,no,request_help,high,Béjaïa,Béjaïa,Sonelgaz,ur Sonelgaz (près de la Sonelgaz),Un homme a fait une chute ou s'est évanoui près de la direction de la Sonelgaz à Béjaïa. Il est allongé au sol et ne s'est pas relevé.,"L'appelant utilise le verbe 'i-ghli' (il est tombé/s'est évanoui). L'opérateur demande 'i-kker-nigh i-t-pos' (est-ce qu'il s'est levé ou est-il allongé/prostré). L'appelant confirme 'i-t-pos mmkur' (il est allongé par terre), ce qui indique une urgence médicale (évanouissement ou malaise). Le lieu est identifié par le repère 'Sonelgaz', point névralgique à Béjaïa ville."
CALL_0305_appe,appelle 511.wav," H7imaya ta3 Bejaia, oui. — ta3 Bejaia,ta3 bjaia ,essma3 ta3 adekar ijiw yedu wahed hna,...amkkk?.. — Restaurant Trois Frères.. — Restaurant Trois Frères??, ih restaurant 3 frere ighli yiwn dina ittarad idamen atas, ...anda dessveh restaurant 3 ferer dayi? ... rama thefghed l adekar..adekaar?...ihh..adekar  3 frere g la route nationel?...route nationnel ihh ..dayi sleghlat idefghen ngh sla3igh iwdekar... dachu thyughen? ..amis 3emi aqlagh les 3 frere exacte athan ighli yiwn da ittekhvivid..samhiyi samhiyi nk tura athan ghrigh iwdekar athan ttedund kech aqlik yidnagh nkni vgayth..aya khlas aghdaferd dayi...samhiyi sfehmiyid achu yellan..uzrighara idad gcamio ihedr netta dumdaklis dun seule coup ighli , dacord athan thefghed 3la kuli hal..sahit amis 3emi..3asseth dina thura delheq lambulance udekar ",accident_pedestrian,severe,1.0,no,no,no,no,report_incident,high,Adekar,Adkar,Restaurant Trois Frères,"Route nationale, Restaurant les Trois Frères, direct s-nghrad bech ad-ifernegh Adkar",Signalement d'un piéton renversé par un véhicule (camion ou car) à Adkar au niveau du Restaurant Trois Frères sur la route nationale.,L'appelant mentionne 'th-Adkar' et 'Restaurant Trois Frères'. Les termes 'i-t-zidj l'camion' (percuté par le camion) et 'i-t-khabt l'kar' (frappé par le car) confirment un accident de piéton. Le mot 'i-ghli' (est tombé) et 'blessé' indiquent une victime au sol.
CALL_0305_appe,appelle 512.wav,"[TRANSCRIPTION MANQUANTE] Lieu: en face l'école des cadets, g la cafétéria Impériale, l'portail. [À compléter avec l'IA Gemini]",medical_emergency,severe,1.0,no,no,no,no,report_incident,high,Béjaïa,Bejaia,Cafétéria Impériale / École des cadets,"en face l'école des cadets, g la cafétéria Impériale, l'portail","Un appelant signale une personne qui a fait une chute ou un malaise (évanouie) devant l'école des cadets à Béjaïa, au niveau de la cafétéria Impériale. L'opérateur prévient que les secours pourraient tarder à cause d'un embouteillage.","L'appelant utilise 'id-yughlin' (qui est tombé) et 'i-ghwa' (s'est évanoui/perdu connaissance), ce qui définit une urgence médicale. La localisation est extrêmement précise avec des points d'intérêt connus à Béjaïa (école des cadets, cafétéria Impériale). L'opérateur mentionne la 'circulation itawen' (le trafic qui monte) qui est 'at-t-bella3' (bloqué/fermé)."
CALL_0305_appe,appelle 513.wav,"— lis3af ah? — Oui. — S'il vous plaît, ghori wetma theghli g la salle de bain athan ataris igonfle afusis kifkif..  anda? .. g sidi touati elle est urezmireghara ttedmegh zmirghara ttherkegh ikl —sidi touati Anwa mkan?— L'premier bâtiment-ni, wa7id l'académie taqdimt. Ih. — Akken ad 3adin  l'académie, l'premier bâtiment? — L'premier bâtiment nni anda glla pecheur ni efilisi Ma3lich, l'essentiel bach ma n-3addi ara gher l'bâtiments, l'premier bâtiment. —aydafen din tt3assaghthn... wa7id l'académie.?.. wa7id l'académie taqdimt. — D'accord, aki3eyech, rebbi i-saha.",medical_emergency,severe,1.0,no,no,no,no,request_help,high,Béjaïa,Béjaïa,Sidi Touati,"Sidi Touati, l'premier bâtiment wa7id l'académie taqdimt, anda glla l'affichage n l'physique","Urgence médicale impliquant une personne ne respirant plus, présentant un gonflement et une cyanose (visage bleu) à Sidi Touati.","L'appelant utilise 'ur t-niffes ara' (ne respire pas) et 'achouch-is d-l'azreq' (son visage est bleu), signes de détresse respiratoire grave. 'I-gonfler' indique un œdème ou gonflement. La localisation est précise : Faculté de Sidi Touati (Béjaïa), premier bâtiment près de l'ancienne académie."
CALL_0305_appe,appelle 514.wav,"gizgeli ttla3ighd vous ne reponder pas yaani ness3a une urgence? ! Un homme non-voyant, amputé des deux jambes, il a un malaise, il a 73 ans ! 
— Daghluy igeghli madame en face l'hotel royal?
— An3am ? dagheluy igeghli ngh cest un malade? ihlek ihlek c'est un malaise , le cour ila pret des medicament il est pas bien , il est pas bien 
-anda zedghet amadam?
— En face l'Hôtel Royal, en face. aged3assgh .
— akmidafen gevrid aa  ?
— Ih, gvrid ii Saha.",medical_emergency,severe,1.0,no,no,no,no,request_help,critical,Béjaïa,Béjaïa,Hôtel Royal,"En face l'Hôtel Royal, dhaf n'gubrida (au bord de la route)","Urgence vitale pour un homme de 73 ans, handicapé (non-voyant et amputé), souffrant d'un malaise cardiaque en pleine rue en face de l'Hôtel Royal à Béjaïa.","L'appelante utilise 'malaise', 'le coeur', et 'médicaments' pour décrire l'urgence médicale. La localisation est facilitée par le repère 'l'Hôtel Royal' (lieu emblématique de Béjaïa). L'usage de 'dhaf n'gubrida' confirme que la victime est sur la voie publique."
CALL_0305_appe,appelle 515.wav,"— Aha l'electricité... Ay anda kach chwiya. — Anida? — Dayi... l'intersection... Boukhandous. — Boukhandous. — Achou l'commune? Achou la daira? — La commune... Melbou. Melbou. — Melbou... l'intersection Tizi El Oued. — Ah d'accord. Marqui les pompiers n'Souk El Tenine nsfahm-ed... 06... — Ach-hal nimero Souk El Tenine? — 034 09 36 13. — 36 13, d'accord.",fire_building,unknown,,yes,unknown,no,no,request_help,high,Inconnu,Melbou,Boukhandous,"l'intersection Boukhandous, intersection Tizi El Oued",L'appelant signale un départ de feu lié à l'électricité au niveau d'une intersection à Melbou. L'opérateur lui communique le numéro des pompiers de Souk El Tenine.,"L'appelant utilise le terme 'tmess' (feu) et 'l'electricité', suggérant un incendie d'origine électrique. Le mot 'ghel3et' (a éclaté/surgi) renforce l'idée d'un incident soudain. La localisation est confirmée par la commune de Melbou et les repères d'intersections (Tizi El Oued, Boukhandous)."
CALL_0305_appe,appelle 516.wav,"— thella laccident dayi g saket?
— Eh.
— u3limeghara ma th3elmem?
— Na3lem, na3lem.athan ttedund les secours ngh ardina.
— Eh, parcq athan gelhala daghn ee.
— atan ttedund les secours ardina, demared g vgayth?
— Ah?
— nighayd demarid les secours ngh lehund  ahat qriv dlehqen ardina
— Incha'Allah, Incha'Allah. 
— Akka, yakhi yiweth lavictime kn igellan dakhel? Yiwen.
— Conscient ig-lan normal?
— Khati, machi conscient.
— Amek?
— Wallah ur d-iheddar ara, ur d-iheddar ara.
— D'accord, ok. Aqreb ad la7qen, aqreb.
— Incha'Allah. Sa7a. Sa7a.",accident_vehicular,severe,,no,yes,no,no,report_incident,high,Béjaïa,Béjaïa,Les Quatre Chemins,"N-tseddu n-ichu kurna-rinna (Les Quatre Chemins), l-7uma-rinna, d-dzmaren n-zi-Bgayeth",Un témoin ou intervenant signale un accident de la route au niveau des 'Quatre Chemins' à Béjaïa avec une victime inconsciente et bloquée à l'intérieur du véhicule.,L'appelant utilise 'ichu kurna-rinna' pour désigner le lieu (Les Quatre Chemins). Le terme 'l'victime iglan daxel' suggère une personne coincée. La gravité est confirmée par 'machi conscient' et 'ur d-iheddar ara' (il ne parle pas).
CALL_0305_appe,appelle 517.wav,"  — Allô... th7re9et  chejra hnaya fetriq... win kayn l'hôtel ta3 Chréa. — Win? — f Bgaya. — Win m3a Chréa? — Ah, l'hôtel ta3 Chréa. — Wach men chejra? wechnu chejra hadik  wech heya — chejr hadik m3a trig ...D'accord a khouya... aa therget mlih aa nar kbira ..d'accord... sa7it, sa7it.",fire_forest,none,,yes,no,no,no,report_incident,medium,Béjaïa,Béjaïa,L'hôtel n Chréa,"Win akken yella l'hôtel n Chréa, guthabburth (à l'entrée/la porte), thchejra thimeqrant (le grand arbre)","L'appelant signale un incendie impliquant un grand arbre situé à l'entrée, près de l'hôtel Chréa à Béjaïa.",L'appelant utilise 'th7re9' (brûle) et 'thchejra' (arbre) pour signaler un feu de végétation. La localisation est précise : Béjaïa ('Bgayet') près de l'hôtel Chréa. Pas de victimes signalées.
CALL_0305_appe,appelle 518.wav,"[TRANSCRIPTION MANQUANTE] Lieu: 7ay raba7 amkhoukh, cité Mongeat, terminus ta3 la ligne ta3 l'15. [À compléter avec l'IA Gemini]",medical_emergency,minor,,no,no,no,no,request_help,medium,Béjaïa,Béjaïa,Cité Mongeat,"7ay raba7 amkhoukh, cité Mongeat, terminus ta3 la ligne ta3 l'15",Un homme ayant fait deux AVC récemment est devenu soudainement agressif et violent à son domicile. L'opérateur recommande une réquisition policière pour une hospitalisation forcée à l'hôpital Amriw.,L'appelant décrit un cas neurologique/psychiatrique suite à 'deux AVC'. Le terme 'agressif' et 'i-yethreb' (il frappe) oriente vers une urgence comportementale. L'opérateur oriente vers 'l'chorta' pour une 'requisition' car il s'agit d'un transfert forcé vers l'hôpital psychiatrique de 'l'Amriw'.
CALL_0305_appe,appelle 519.wav,"les pompiers?... Les pompiers d'Bgayet an3am ii. Caller: asma3 nkni aqlagh dayi gethnayen ila yiwn dayi gekham inter ugess3i hed akith ma zemrem adassem ghores ... anda?nighayd  dayi gethlatha   ineter  hed uriss3i hed uriss3i wehdani ..qarghayd anida dayi gevgayth anssa ttgharet kechi?..bni maaouch beni maaouch ..aydefkegh numerosn aseyed arwah aydefkegh numero bni maaouch..asenttla3im wechqa aa?..nighayd arwah aydefkegh numeronsn...Caller: Beni Maouche, Beni Maouche. Operator: Beni Maouche? Efk-iyi-d numero-ns-en ihi. Ru7 efk-iyi-d numero n'Beni Maouche n'les pompiers n'Beni Maouche. Caller: Asen-n-sla3m-uch n'kham-as? Operator: Ay-ak efk-iyi-d numero-nak-id. Caller: 034 09 42 ..arja gla3nayak chwit kn 03409...42 91. Operator: Tanemmirt-ik, barak Allah ufik. Saha.",natural_disaster,unknown,,no,unknown,no,no,request_help,high,Beni Maouche,Beni Maouche,Inconnu,"g'wakham (dans la maison), tlata n'mitr n'waman (3 mètres d'eau), ar-gourm d'Bgayet","Un appelant de Beni Maouche signale une inondation majeure à l'intérieur d'une habitation, mentionnant trois mètres d'eau. L'opérateur l'oriente vers les secours de sa commune.","L'appelant utilise 'waman' (eau) et 'tlata n'mitr' (3 mètres) pour décrire une inondation grave dans 'wakham' (la maison), ce qui justifie incident_type='natural_disaster'. La commune est précisée 'Beni Maouche' après une confusion initiale de l'opérateur avec Beni Mansour."
CALL_0305_appe,appelle 520.wav,"L7imaya l'madaniya? — An3am agma, oui. — Aki n3amm rabbi slkhir. thella L'accident dagi s la moto d'yiwet in9rat utaris.. aqlagh dayi swaswa avant d'arriver la station de dessalement de l'eau de mer— Iwa7ed ttqenterth nni saket? — gherda gherda , atan , gbou7i.  —chu thyughen exacte? slamoto nanak iwthith yiwn s tomobile irwel...aa daccord la motod tomobile ..tomobile ni throh aka declaren l3ibad .. aa daccord daccord .. attaya lambulance ..sahit..saha",accident_vehicular,severe,,no,no,no,no,report_incident,high,Béjaïa,bejaia,Agbouhi,"avant d'arriver la station de dessalement de l'eau de mer, d'Agbou7i",Signalement d'un accident de la route (délit de fuite) entre une moto et une voiture près de la station de dessalement d'Agbouhi. Le motocycliste est au sol et semble inconscient.,"L'appelant utilise 'l'accident', 'la moto' et 'tumnubil' (voiture) pour décrire un accident de la route. L'expression 'iwwet-it... irwal' indique que la voiture a frappé la moto et a pris la fuite. Le terme 'saket' (silencieux) suggère que la victime est inconsciente, justifiant 'severe' et l'envoi immédiat de 'l'ambulance'. La localisation est précise : 'station de dessalement' et 'Agbou7i', un repère connu à Tichy."
CALL_0305_appe,appelle 521.wav," —  u3limghara ma th3elmed  accident g saket athan inter wergaz athan gelqa3a inter u3limghara ma thdemaremd negh mazal.. athnan gevrid agma  th3elmet vgayth ar saket th3elmet achhal, mais fghend?..khatii fghend fghend atn gevrid..sahit aya3ziz...att3edit thiqenterth saket akin chweya. ih ih daccord sahit....daccord aya3ziz athan inter mlih athan gelqa3a Sa7ith aya3aziz .",accident_vehicular,unknown,,no,no,no,no,update_info,medium,Béjaïa,Béjaïa,saket,att3edid thiqenterth saket akin chweya,L'appelant apporte des précisions géographiques sur la localisation d'un accident dans le secteur de Gueverdis et Tachbal à Béjaïa pour guider les secours.,"L'appelant utilise le mot 'accident' d'emblée. Il cite plusieurs repères locaux de Béjaïa : 'Bgayeth', 'Gueverdis' (Berdis), 'Tachbal' et 'Tour d'Elias'. Il corrige une localisation ('khati f-khante') pour préciser que c'est à Gueverdis. Utilisation de formules de politesse kabyles ('sa7it', 'a 3azzi', 'rabi i3awn')."
CALL_0305_appe,appelle 522.wav,"thella un accident ag-Bouhli, après juste la sortie nsaket. aa nchey3ed nchey3ed lambulance dyn ...aa daccord imala amon frere sahit..sahit ..saha ftorkom saha. — Saha.",accident_vehicular,unknown,,no,no,no,no,report_incident,high,Béjaïa,bejaia,Bouhli,juste la sortie n'El Kseur,Appel signalant un accident de la circulation impliquant une moto à la sortie d'El Kseur au niveau de Bouhli.,L'appelant utilise le mot français 'l'accident' et précise 'la moto'. La localisation est claire avec 'la sortie n'El Kseur'. Utilisation de 'nam' et 'ih' pour confirmer les informations.
CALL_0305_appe,appelle 523.wav, — 034 86 07 80. — 034 86 07 80. An3am. — Saha.,unknown,unknown,,unknown,unknown,unknown,unknown,report_incident,medium,Béjaïa,Sidi Aïch,Timzegra,"Timzegra, ta7marth n-numero Sidi Aich",L'appelant identifie sa position à Timzegra dans la région de Sidi Aïch et communique un numéro de téléphone fixe (034...) pour le suivi de l'intervention.,L'appelant confirme la localisation 'Timzegra' rattachée à 'Sidi Aich'. Utilisation de 'an3am' et 'ih' pour l'affirmation. Le type d'incident n'est pas explicité dans cet extrait de dialogue focalisé sur la localisation et les coordonnées.
CALL_0305_appe,appelle 524.wav,"Caller: agma ness3a une l'malade gekham enceinte umba3d ttazalnas idamen 
Operator: g cite tobal?
Caller: ih cite tobal gedged wahi laree inezdegh 
Operator: Eh! Madama! Madama! Très bien Madame. 3as wechqa dina chey3ed hed 
Operator: Bla mziya. ",medical_emergency,severe,,no,no,no,no,report_incident,high,Béjaïa,Béjaïa,cite tobal,wa7ed l'arret de bus gedged,"Appel concernant une femme enceinte inconsciente (matchoucha) ayant besoin d'oxygène à Sidi Ali Lebhar, près de l'aéroport.","L'appelante utilise 'malade enceinte' et 'l'oxygène' avec l'adjectif 'matchoucha' (évanouie ou victime d'un malaise sérieux), ce qui classe l'incident en medical_emergency. La localisation 'Sidi Ali Lebhar' et 'l'aéroport' est typique de la commune de Béjaïa."
CALL_0305_appe,appelle 525.wav,"— l'malade eeh ?
— Eh, Sidi Ali El Bahar wa7ed la poste.
— nigham dachut tyughen  l'malade ayi, bach idukh  is3a une maladie nn?
— Eh, idoukh is3a sokor ikl
— tres bien , diabetique machi dukha cest pas une maladie
— anda kidafen amadam?
— amk ?
— anda kidanf chey3emd hed akdi3as
— Wa7ed la poste.
— Wa7ed la poste?
— Wa7ed la poste, Sidi Ali El Bahar, eh ?
— D'accord.
— saha
",medical_emergency,severe,,no,no,no,no,request_help,high,Béjaïa,Béjaïa,Sidi Ali El Bahar,wa7ed la poste (à côté de la poste),"Une femme signale un malaise d'une personne diabétique à Sidi Ali El Bahar (Béjaïa), précisant que le malade est près de la poste.","L'appelant utilise 'l'malade' et mentionne 'its-doukh' (il a des vertiges/s'évanouit) et 'is3a sokor' (il a du sucre/diabète), ce qui confirme une 'medical_emergency'. L'opérateur utilise le terme 'diabétique' en français. La localisation est précise : 'Sidi Ali El Bahar' (quartier de Béjaïa) avec le repère 'la poste'."
CALL_0305_appe,appelle 526.wav,[TRANSCRIPTION MANQUANTE] Lieu: daxel l'djama3 n'sid wali exact. [À compléter avec l'IA Gemini],medical_emergency,severe,,no,no,no,no,request_help,high,Béjaïa,bejaia,Djama3 Sidi Wali,daxel l'djama3 n'sid wali exact,Urgence médicale à El Kseur. Une personne (femme) fait un malaise suite à une chute de tension à l'intérieur de la mosquée Sidi Wali.,L'appelant signale un malaise médical à El Kseur. Utilisation du terme 'l'tension' et du verbe 'ghli' (tomber/chuter) pour décrire la baisse de tension ('t'ghli-as la tension'). La localisation est précise : 'daxel l'djama3' (à l'intérieur de la mosquée).
CALL_0306_appe,appelle 527.wav,"— La protection civile bonjour — Bonjour. — ee L'école Colombani primaire,cite remla.  — Bessah a madamet hghrid qarghamd allo cest les urgence yakhi th3elmet l 14 thtewled bach thenid allo aqriv coupegham ahq rebi aqrib coupegham amdenigh essah .. khati uydessalghara ...aa maalich ..uydessalghara la voix ink..ii maalich ...bn ness3a yiwth  takhedmat elle nous a fait un malaise— achu thess3am?.. un malaise eltheghliyagh takhedamt D'accord,..tbn les colombes hina yellan ...thina yellan dayi remla ..thina ilaan en face .. a remla? ... ih..a donc wahi les lilas agauche..ih thina ii..thina wahid primaire..thina ii.. tura wendechy3egh lambulance..daccord saha",medical_emergency,minor,,no,no,no,no,request_help,high,Béjaïa,Béjaïa,Tirmela / Ecole Colombani,"L'école Colombani primaire f'Tirmela (R'mela), en face n tbrid, tin n ilan a gauche",Une employée de l'école primaire Colombani à Tirmela (Béjaïa) a fait un malaise et a chuté au sol.,"L'appelant signale une employée ('yiwet n t-khaddamt') qui a fait un 'malaise' et qui est tombée ('th-ghli-d'), ce qui indique une urgence médicale. La localisation est précise : Ecole Colombani dans le quartier de Tirmela (souvent prononcé R'mela à Béjaïa)."
CALL_0306_appe,appelle 528.wav,"enseignante elle  perdu conscience deg l'école. Cem Amariw, en face ljame3 n tZarlith. — cem Amariw, d'accord a madame. —aki3eyech rebi , merci, merci, merci.",medical_emergency,none,,no,no,no,no,request_help,high,Béjaïa,Béjaïa,cemAmariou,En face l'jami3 n'Zarli deg l'école,"Une personne a perdu conscience dans une école située à la Cité Amariou, en face de la mosquée Zarli.",L'appelant utilise 'perdu conscience' ce qui définit un 'medical_emergency'. La localisation est précise : 'Cité Amariou' à Béjaïa avec le repère 'jami3 n'Zarli' (mosquée Zarli). L'expression 'deg l'école' indique le lieu exact de l'incident.
CALL_0306_appe,appelle 529.wav,  —thella yiwth teqcichth dayi wahid ireyahen sob aresouq tharna theghli tteghlay kan uzrighara chu ma thkhememl haja—anda ktheghli g tomobile thelid kechi ....nn attan g vera...nk aqli. partagigh dayi theghli ar grand marche ....donc ljiha la resedence iwssawen  machi ghevrid amqran...xt ljiha la residence ar l ciosque ni ar le coin attn en face le ciosque ni... daccord tura dchey3egh lambulance 3assemd kn dina ha sa7a. — D'accord... aya sa7it.,medical_emergency,severe,,no,no,no,no,request_help,high,Béjaïa,Béjaïa,La résidence Oussawen,la residence oussawen en face kiosque,Un homme s'est effondré sur le trottoir suite à un malaise diabétique ('sokar') près du marché et de la résidence Oussayen à Béjaïa.,"L'appelant utilise 'sokar' pour désigner le diabète et 'i-ghli' pour la chute/évanouissement, ce qui indique une urgence médicale. La localisation est précise avec 'résidence Oussayen' et 'kiosque n l-koura' (kiosque du ballon), repères connus à Béjaïa."
CALL_0306_appe,appelle 530.wav,an3am ... an3amik lkheri ..la3nayak nk aqlin zedghegh g lekseur theghli  setti theghli fudmis thfunzered nevvgha ttnawi ar lhopital mais nugad tt ntransporte.. maalich akhouya theqartiyid lekseur aydefkegh numero lekseur parcq dayi gevgayth maisdachu  attawin polycliclinque .maalich ihh maalich.. m— Marki: 034 82 35 65. — 82 35 65... sahit akister rebi akhouya — Sahit sahit.,medical_emergency,severe,,no,no,no,no,request_help,high,El Kseur,El Kseur,El Kseur,"niveau n'l'hôpital, at-tawidh n'polyclinique",Un ouvrier à El Kseur a fait une chute grave (mention de 6 mètres/étages). L'appelant craint de le déplacer vu son état. L'opérateur de Béjaïa redirige l'appelant vers le numéro d'urgence spécifique d'El Kseur.,L'appelant utilise 'ghli' (tomber) et 'l'khdam' (travailleur/ouvrier). La mention 'yeghli s'teu' (il est tombé de six) et 'yeghli f'wul-mis' (tombé sur sa poitrine/cœur) indique un trauma sévère. 'Nougadh at-transporter' montre l'hésitation face à la gravité médicale. L'opérateur oriente vers la 'polyclinique' locale.
CALL_0306_appe,appelle 531.wav,  — cem negh achuth? — Ih cem i l'établissement.— daqchich igeghlin dayi soit disant iqel3ed udaris ngh quelque chose comme ca  achu ttema thlaqas une intervention— daccord dina dakkhel ngh?..an3am?..dina dakhel l cem mi?..ih dakhel ii ruhemd kn adkechmem normal dakhl ni..daccord..saha,medical_emergency,severe,,no,no,no,no,request_help,high,Béjaïa,bejaia,CEM,d-dakhel n'CEM-ni,Une jeune fille se trouve en détresse respiratoire (manque d'oxygène) à l'intérieur d'un collège (CEM) et nécessite une évacuation immédiate vers l'hôpital.,L'appelant mentionne 'taqchicht' (une fille) et 'i-khlas-as l'oxygène' (elle n'a plus d'oxygène) ce qui indique une urgence médicale respiratoire. Le lieu est identifié comme un 'CEM' (collège). Le verbe hybride 't-necessit-er' montre le mélange kabyle-français typique.
CALL_0306_appe,appelle 532.wav,"— S'il vous plaît nss3a un accident dayi ighli yiwn s-la moto tassawent ni n .... —issmiss lw quartier-ayi? — L'9ahwa Jamari! L'9ahwa Jamari! — A siyed dayi les pompiers nBgayet, anida dessveh lqahwa n jamari ayi? Bakaro. Bakaro. — Bakaro? — Ih.... La moto ig ghlin?  — An3am, ih. — D'accord, barak Allah ufik. — Salam.",accident_vehicular,unknown,,no,no,no,no,report_incident,high,Béjaïa,bejaia,Bakaro,"L'9ahwa Jamari (Café Jamari), Bakaro","Appel pour signaler un accident de moto à Bakaro (Tichy) au niveau du Café Jamari, avec un blessé confirmé.","L'appelant utilise 'accident' et 'moto' pour définir le type. Le verbe 'i-ghli' (est tombé) confirme la chute. La localisation est précisée par 'Bakaro' (lieu-dit célèbre à Tichy/Bejaia) et le repère 'L'9ahwa Jamari'. La présence d'un blessé est confirmée par 'an3am, ih' après la question sur 'l'blessé'."
CALL_0306_appe,appelle 533.wav,[TRANSCRIPTION MANQUANTE] Lieu: Souk El Tenine. [À compléter avec l'IA Gemini],medical_emergency,severe,,no,no,no,no,request_help,high,Souk El-Ténine,Souk El Tenine,tamrichth,Souk El Tenine,Un homme appelle pour demander une ambulance pour sa mère gravement malade et possiblement inconsciente. L'opérateur lui fournit le numéro de téléphone direct de la protection civile de Souk El Tenine pour l'intervention.,Mots clés: 'yemma t-mridha' (ma mère est malade) et 'sbitar' (hôpital) indiquent une medical_emergency. 'T-mattan t-sera3' (elle se meurt/s'évanouit vite) indique une injury_severity: severe. Localisation répétée 'Souk El Tenine'.
CALL_0306_appe,appelle 534.wav,[TRANSCRIPTION MANQUANTE] Lieu: el kseur. [À compléter avec l'IA Gemini],other,none,,no,no,no,no,report_incident,low,El Kseur,El Kseur,el kseur,el kseur,L'appelant demande le numéro de téléphone d'un service (ERGO) à El Kseur. L'opérateur lui dicte le 034 82 35 65.,"L'appel n'est pas une urgence. Mots clés : 'khasni' (j'ai besoin), 'numero', 'marki' (note/écris). Localisation claire : 'f l'Kseur' (à El Kseur). Le terme 'l'ERGO' semble être une confusion ou un acronyme local pour un service public."
CALL_0306_appe,appelle 535.wav,"d-kamyun... machi d-7aja... ad s-nukkas sbitar. — Ad s-nukkas? — Ani d-id-izga Sommam ay-atma? — Sommam, en face Sommam, 3and l'feu rouge. — Sommam en face l'feu rouge? — Sommam... la radio Sommam? — La radio Sommam? An3am. — Ih, ani d-la radio Sommam? — Ah, d'accord.",accident_vehicular,minor,,no,no,no,no,report_incident,medium,Béjaïa,Béjaïa,Radio Soummam,"en face l'ONA, en face Sommam, 3and l'feu rouge, la radio Sommam",Signalement d'un accident entre une moto et un camion à Béjaïa en face de Radio Soummam. L'appelant demande une évacuation vers l'hôpital bien qu'il précise que ce n'est pas très grave.,"L'appelant identifie clairement un 'accident n'la moto' impliquant un 'kamyun'. L'expression 'machi d-7aja' (ce n'est rien / pas grave) suggère des blessures légères. La localisation est confirmée par les repères 'l'ONA', 'l'feu rouge' et 'la radio Sommam' qui se situent dans la commune de Béjaïa."
CALL_0306_appe,appelle 536.wav,...Ttamgharth igaghlin. Ttamgharth thaghli dakhel n wekham oumn3ad outhazmir ara attaharek ikel. Tharna thejrah g qaroyis.... Anwa amekan excate? ...Ahh zrit les 600? Emhhha?  Zrit bachi anrouh aka ar la poste? Nekni aqlagh din g l virage ni. Ghar dina ken aghdyaf g l virage ni. Au lieu ad rohagh a droit ar la poste neki aqlin a gauche ... Aqlik a gauche?  Aaaa assed ken wahid la poste aaaa d repère d l3alith dcr?... Iih repère l3alith wahid la poste iih... Dcr saha saha ... Aqlin dina wahid la poste sahac,unknown,none,,no,no,no,no,other,low,Inconnu,Bejaia,Ihaddaden (CISSOU),"bit l-ssisou, n-ru7 akka l-poste, n-kina tla n-viaduc, l-viaduc kan d-fess, a gauche l-poste","L'appelant fournit des indications de localisation détaillées concernant le secteur du CISSOU, du viaduc et de la poste, sans signaler d'incident ou d'urgence.","L'appel ne contient aucun mot-clé d'urgence (accident, thmesth, l'malade). Il s'agit d'une description d'itinéraire avec des points de repère urbains comme 'l-viaduc', 'l-poste' et 'l-ssisou' (Caisse de Sécurité Sociale à Bejaia)."
CALL_0306_appe,appelle 537.wav,ehh gh la bibliothèque centrale andi thela la radio sommam ? Nes3a une jeune fille thaghli dayi... À l'intérieur ahh? ... Zdakhel ih ... D'accord thoura iwendchey3agh l'ambulance... Ih la bibliothèque... Ih la bibliothèque n o3amriw zath la radio sommam...d'accord Sahit a gma... Sahit... Sah,fire_building,unknown,,yes,unknown,no,no,report_incident,high,Béjaïa,Béjaïa,Bibliothèque Centrale (UAMOB),"La bibliothèque de l'ingénierie, daxeleth, zath n la Radio-Soummam","Un incendie s'est déclaré à l'intérieur de la bibliothèque centrale de l'université (secteur ingénierie) à Béjaïa, située à proximité de Radio Soummam.",L'appelant signale 'ennare' (feu) à la bibliothèque. Le mot 'eghli' peut ici signifier que le feu se propage ou bout (bouillir/brûler intensément). Le repère 'Radio-Soummam' et 'UAMOB' (Université Abderrahmane Mira de Béjaïa) confirme le campus de Targa Ouzemour à Béjaïa ville.
CALL_0306_appe,appelle 538.wav,"Puisque On a besoin d'une ambulance la mosquée ta3 tobal ,tomab ih .. achu yellan dina? ...ighliyagh yiwn geljam3 donc  cest un diabétique...dakhl ljama3 tzalith aa ..ihh...ljama3 n tobal d'accord...saha..tobal ii...saha..oki ...saha.. himaya lmadaniya allo allo allo",medical_emergency,unknown,,no,no,no,no,request_help,high,Béjaïa,Béjaïa,L'jama3 n Tobal,Zakhl l'jama3 n Tobal (à l'intérieur de la mosquée de Tobal),Appel pour une urgence médicale concernant une femme diabétique ayant fait un malaise à l'intérieur de la mosquée de Tobal à Béjaïa.,"Mots clés : 'ambulance' + 'l'mra' (femme) + 'l'diabetique' indiquent une urgence médicale (medical_emergency). La localisation est confirmée plusieurs fois par 'l'jama3 n Tobal' (mosquée de Tobal) et 'zakhl' (à l'intérieur), identifiant précisément le quartier Tobal au centre de Béjaïa."
CALL_0306_appe,appelle 539.wav,3edna Wahed mester fiker3ih.. kifach?..Wahed messter fiker3ih.. wach m'en plassa akhouya ? ..a3emriw...a3mriw? ...ii a3mriw lactel...dakhel Lescour?...ahaaah bera beraa...Wahed ljama3 ngh aniii...kifaaah?...zath ljama3??...aaa?...ihhh teht swada ljama3 iii.. d'accord akhouya ii sahit ...sahit saha..sahit,medical_emergency,unknown,,no,no,no,no,report_incident,high,Béjaïa,Béjaïa,Amriw,zath ljama3,"Un appelant signale une personne avec une jambe cassée dans le quartier d'Amriw à Béjaïa, à l'extérieur près de la place de la mosquée.","L'appelant utilise 'imekser f'ikre3-is' (cassé à sa jambe), indiquant une urgence traumatologique. La localisation est précise : Amriw, près de la mosquée (l-jam3), à l'extérieur (berra) et en contrebas (l-te7t)."
CALL_0306_appe,appelle 540.wav,Allo?allo?...an3am.. protection civile ?.. ness3a yiwn lmalade dayi nk dapolice dakhedam dina zath la wilaya..Wahid la placat aa?...Wahid aa..cheye3t meqbel ..cheye3t meqbel ...aqlagh nussad aqlagh nussad ..aya oki ...sah saaha,medical_emergency,unknown,,no,no,no,no,request_help,medium,Béjaïa,Béjaïa,welaya, wa7id La Plassette,L'appelant signale une femme malade au niveau du service de nettoyage de la wilaya à Béjaïa. L'opérateur confirme que les secours sont déjà en route vers le lieu indiqué (Saïd Maqbel).,L'appelant utilise 'yiweth l'malade' (une malade) ce qui indique une urgence médicale. La localisation est précise : 'khedmeth n'nadhafet l'wilaya' (service de nettoyage de la wilaya) et 'Sa3id Ma9bel' qui sont des repères connus à Béjaïa ville. L'opérateur utilise 'aql-anegh nussa-d' (on est arrivés / on arrive) pour rassurer l'appelant.
CALL_0306_appe,appelle 541.wav,Aa theker thmess dayi g boussamar ..athan ttedund agma ttedund...atransformateur ..ih ....ih .. Wlh ar theker même ittengar la cide ni..athan ttedund agma ...ihh sahit,fire_building,unknown,,yes,unknown,no,unknown,report_incident,high,Seddouk,Bouhamza,Bouhamza,dagi g'une transformation n l'accident-aya,"L'appelant signale un incendie au niveau d'un transformateur électrique à Bouhamza, causé par un accident.",L'appelant utilise 'l3afya' (feu) et 't-che3l' (brûle) pour signaler l'incendie. Il localise l'incident à une 'transformation' (transformateur électrique) à 'Bouhamza'. Le type 'fire_building' est choisi faute de catégorie spécifique pour l'infrastructure électrique.
CALL_0306_appe,appelle 542.wav,Les pompiers ?..les pompiers iii ... AAA ttema Deprissio chghel depresio chghel  depressio deeporessio chghel depressioni  amk??....Depriss aa Depriss aa Depriss  aa ttema  Deprissi aaa settagh dwa lcachi dépressionigh ... Aa s3it dépression?... dépression agent de sécurité ttema svitar tezmalt..tezmalt?anda zedghet?...aqli tura CSP ...tezmalt kechi marque numéro audefkegh la3iyas les pompiers tezmalt 034 ... Marque ... Après?..après 084286 ..86?...ih tazmalt ii,medical_emergency,unknown,,no,no,no,no,report_incident,medium,Adekar,Tidjma,Tidjma,"S'Tidjma, l'pompier Tidjma",Appel concernant une personne en état de dépression ayant possiblement pris des médicaments (cachets) à Tidjma. L'appelant communique les coordonnées téléphoniques locales.,Répétition obsessionnelle du mot 'depression' pour qualifier l'état du malade. L'expression 'tsedwal l'cachet' suggère une prise de comprimés. La localisation est explicitement répétée comme 'Tidjma' (commune de la wilaya de Béjaïa).
CALL_0306_appe,appelle 543.wav,Himaya an3am?..les pompiers ?...nevgayth an3am ..ih hnaya dagi  ismis irgha dayi wekham gsuq..suq tezmalt?..daw nesuq?...iii daw souq athan yergha ak wekham nettraji udelhiqmara...tura deghram madame même pas 3 minutes..ohooh...ahq rebi athan inta3 ihi mayela d3ejlem chitoh..athan tura deghram madame athan ruhend utewilnara adlehqen...ihh akhatar uzmiren ara adkechmen warrach ar dakhel athan fghend ak ar vera yiwn irghayi ... Ih daccoor madame d'accord...aknettraji,fire_building,unknown,,yes,no,no,no,report_incident,critical,Béjaïa,Béjaïa,Eddaw Souk (Bas du marché),"dagi n'uxxam ag'souk, Eddaw souk, Souk n'Zaman",Incendie dans un appartement situé en dessous du marché (Souk n'Zaman) à Béjaïa. Des enfants étaient à l'intérieur mais sont désormais sortis. Les secours sont en route.,"L'appelante signale que l'appartement brûle ('yergha', 'tmess'). Elle précise le lieu par rapport au marché ('souk'). Mention de 'warrach' (enfants) avec la négation 'ur zmiren ara' (ils ne pouvaient pas) pour l'évacuation, mais elle confirme ensuite qu'ils sont dehors ('atnan l'barra'). Utilisation de termes FR intégrés : 'l'appartement', '3 minutes', 'l'7akema' (l'autorité)."
CALL_0306_appe,appelle 544.wav,Th3elmem l'ambulance  daha ilabris Thala Khaled nanak ighli yiwn s la moto...ighli yiwn s la moto g Thala Khaled ?...ihhh g la bris la bris g Thala Khaled...glabriiis?...g labriss labris...dqiqa kn asfkegh numéro ink ishab ouqas nk aqli vgayth usinghara labris ayi...ii ruh iii...labris d'accord tura sinigh i3mer d'accord sahit,accident_vehicular,unknown,,no,no,no,no,report_incident,high,Béjaïa,Béjaïa,La Brigue / Ighil Khaled,"Labrig, Ighil Khaled, thama n'isigam",Signalement d'un accident de moto à La Brigue (Ighil Khaled). Un motard est tombé et nécessite une ambulance.,L'appelant utilise 'ighli-yas la moto' (il est tombé en moto) ce qui définit accident_vehicular. Les lieux cités 'Labrig' (La Brigue) et 'Ighil Khaled' sont des quartiers de Béjaïa. La mention 'thama n'isigam' (à côté des panneaux/arrêts) sert de repère visuel.
CALL_0306_appe,appelle 545.wav,3likum salam... Les pompiers ?... Athan ighli yiwn da s la moto sa3dal aqriv lota... Sa3dal aqriv lota?... Dina qriv sa3dal lota  g palizi ..palizi? Mouhim sefkegh numérok aa suq letnin qerven dina yakhi daouqas ?.. khati bourdj mira itheqrev...bourdj mira?...ihh...d'accord ....athan gelqa3a...ih d'accord aseyed,accident_vehicular,unknown,,no,no,no,no,report_incident,high,Darguina,Aït Smail,Burj Mira,"Qrib l'outa, dina louchkadit sadar, l'falaize","Signalement d'un accident de moto à Burj Mira impliquant une personne, à proximité de la falaise et de la zone de plaine.",L'appelant utilise 'yedderes s'moto' pour indiquer un accident de moto. 'Yiwen' indique une victime. La localisation est précisée comme 'Burj Mira' avec des repères visuels 'l'falaize' (falaise) et 'l'outa' (la plaine/le plat).
CALL_0306_appe,appelle 546.wav,Himaya n3am ..3esslama salam 3likum ...salam ourajma...akhouya attan dayi madame ttamghatth thewthitt la moto dayi cher terminus ighil u3zog ...terminus ighil u3ezog?...gh laree iii..wahi larree ngh .. d'accor d'accord yiwth temgharth thewthitt tomobile d'accord..iih ...sahit agma sahit,accident_vehicular,unknown,,no,unknown,no,no,report_incident,medium,Béjaïa,Béjaïa,Terminus El Azoug,"terminis s'el azoug, wa7ed l'arrêt",Signalement d'un accident de la route impliquant un véhicule au niveau du terminus de bus d'El Azoug à Béjaïa.,"L'appelant utilise les termes 'accident' et 'carrosserie'. La localisation est identifiée par 'terminis s'el azoug' (Terminus d'El Azoug, quartier de Béjaïa) et précisée par 'l'arrêt' (arrêt de bus). L'opérateur demande 't'houth t'tomobile' (la voiture a percuté) confirmant le type d'incident."
CALL_0306_appe,appelle 547.wav,Himaya n3am...salam 3likum ..salam ourahma...wechrak khouya labas?..cava hmdlh...les pompiers yak?...ih..vgayth aa??..vgayth an3am....an3mak lkhirwkh   tech3l thimesth dayi g poto dayi ghori gekham...anda?...dayi g semaoune ext g...vgayth dayi aseyed arwah aydefkegh numéro n amizor la3iyasn..034 ..arju aa 034..08 77 14...la3iyasn isemaoune wina n amozoir adefghen tafaren amozour ngh .. amozour ii ...d'accord agma sahit ...sahit,fire_building,unknown,,yes,unknown,no,no,report_incident,high,Amizour,Amizour,Thizi Aziz,"Thizi Aziz, l'Aissaoui Ismaïl, Thapharmaçith Amizour","Un homme appelle pour signaler un incendie domestique dans une maison située à Tizi Aziz dans la commune d'Amizour, près d'une pharmacie.","L'appelant utilise 'thach3elt thmesth' (le feu a pris) et 'deg uxxam' (dans la maison), ce qui indique clairement un 'fire_building'. La localisation est précise : Amizour, quartier Tizi Aziz, à proximité d'une pharmacie."
CALL_0306_appe,appelle 548.wav,Salam agma ...salam asslama .. LAH isselmek yerhem waldik agma nkni dagi g cidi wali citi chabaati ...ih...aqlagh iwiyagh ikel uhemal agma g kham ayi ..ihih..athan kchmnaghed waman g tressiti parttout gethcuzint g Chambra da3wa tressiti da3wa wina la3naya rebu arwah zerem amk att3zlem dayi yerhem waldikum... Mais aseyed nkni kssnagh thina tmezritt Ayii..aaoui donc ça veut dire imenhu la3igh tura nkini ...ilaq attrohed ar lapc s3an service technique dina nuthni adizren...aouiii d'accord...nkni intervention kn aseyed ma s3id amodin ngh ya  pas de problème aqlagh dayi ...amodin s3ighara mais da3wa selve3 dayi ...athan qarghayd ... Tressiti Ila attla3id sonalgaz...ihih zrigh fahmagh ...iii,other,none,,no,no,no,yes,report_incident,high,Inconnu,Bejaia,Sidi Ahmed (Chabati),"Deg Sidi Chabati, deg l'la3mara (le bâtiment), l'cuisine d'l'chambra",L'appelant signale une fuite d'eau importante qui touche l'installation électrique (mélange eau/électricité) dans tout l'appartement et les parties communes d'un bâtiment à Sidi Ahmed.,L'appelant utilise 'trisiti' (électricité) et 'aman' (eau) pour décrire un danger électrique imminent ('partout'). Mention de 'Sidi Chabati' qui est un quartier de Bejaia. Le danger concerne les infrastructures ('la3mara'). L'opérateur suggère de contacter l'APC ou Sonelgaz car c'est un problème technique d'infrastructure.
CALL_0306_appe,appelle 549.wav,Les pompiers nagh? ...an3am...ne3mtek dina...ness3a amodin ighli tura g lotissement ait saaid ... Aseyed Bach anemssfham dayi les pompiers nevgayth...umb3ad amk asensawl iwiyi weqbou.... Marque 034 ...034 marque kn...18...18..75..75..69..69...sahit agma adifk rebi chfa ...sahit agma ...saha,medical_emergency,unknown,1.0,no,no,no,no,request_help,high,Béjaïa,Béjaïa,Lotissement Ait Saïd,Lotissement Ait Saïd,L'appelant demande l'envoi des pompiers au lotissement Ait Saïd. L'opérateur confirme la localisation à Béjaïa et note le numéro de téléphone de contact.,L'appelant mentionne 'les pompiers' et le lieu 'lotissement Ait Saïd'. La conclusion par 'chfa nchallah' (bon rétablissement) oriente vers une urgence médicale (medical_emergency). L'opérateur précise 'les pompiers n Bgayet' confirmant la commune.
CALL_0306_appe,appelle 550.wav,Oui?...khouya nhed nbelgh bark 3la Wahed lkalitous hnaya rah ymes lekhyout ta3 tressiti ... G helouan ... Aa helouan dayi vgayth aseyed ...vgayth?...ii wlachuth poste n helouan ...marque 030..30..201520...ih 030 20 khati 20 15 20 ....201520 sahit..saha!,other,none,1.0,no,no,no,no,report_incident,low,Béjaïa,Béjaïa,hAlouan,hlouan,L'appelant signale un danger lié à des fils de téléphone touchés par des câbles électriques dans le quartier d'Alouana à Béjaïa.,"L'appelant utilise '7ebit n-bellegh' (je veux signaler) pour un problème technique 'l-lectricité' et 'khyut n-téléphone'. Le lieu 'Alouana' est clairement identifié. La fin de l'appel bascule dans une conversation familière 'wach rak, sa va'."
CALL_0306_appe,appelle 551.wav,Kayn derappement hnaya dérape en face rogard hnaya sghir chweya a...win? ...jiht taza jiht les artistes...win?...jiht taza les artistes...aaa Rak fi jijel ?...ih... Aa Rak hkemt bjaya ..aaokii oki....3awed coupé 3awed hkem numéro hada...aya oku,accident_vehicular,unknown,,unknown,unknown,no,no,report_incident,medium,Inconnu,Jijel,Taza,"Jihet Taza, jihet les habitations, l'oued ghir n sghar",Un homme appelle pour signaler le dérapage d'un véhicule de type Logan près de l'oued à Taza. L'opérateur de Béjaïa réalise que l'appelant se trouve dans la wilaya de Jijel et lui demande de rappeler le numéro approprié.,"L'appelant utilise 'dérapage' et mentionne une 'Logan', ce qui confirme 'accident_vehicular'. Le lieu 'Taza' est immédiatement identifié par l'opérateur comme étant hors zone (wilaya de Jijel), entraînant une redirection."
CALL_0306_appe,appelle 552.wav,Allo oui?...essme3 rani mrod Ida teqder tji tedina...amk?...gyltlek Ida teqder tji tedini rani mrid...win werak anda thelid?...berchich 2 ...lekseur la résidence ? ....ih ih...dachu kyughen dachu kyughen sla3ql utqeliqara...aaah...achu kyughen?Awedi rani étudiant...ihh zrigh zrigh aydhedregh stheqvaylith thhedred taqvaylith ngh khati ?..laaa mane3refch nehder machi qbayli ..machi muchkil machi muchkil matqeleqch wechbik Rak wehdek f chombra?... La rani f la résidence ruht 3end poste police rani nqare3 wejhi mnefouk yesternu men kul jiha...Rak f la loge f poste police m3a les agents ?...ih ih... W les agents 3eyto les pompiers ta3 lekseur...wlh gali 3ayet ii besseh gali rahum kherjou..ih Balak kherjou fi jiha wehdi oukhra...ih rani netweje3 Ster yakl fiya...ih lazem tessber wach nqoulek ... 3labalk m3a m'en tehder doka rah tehder m3a les pompiers ta3 Béjaïa fhemtni..essber rah ibe3tulk nchlh ...wach rah ngulek ...hak zid marque numéro hada ta3 lekseur hak 3eyet les lekseur w txouf hder m3ahoum wchouf 034 82 35 65... Lamajach 65 hadak dir 64,medical_emergency,severe,1.0,no,no,no,no,request_help,high,El Kseur,El Kseur,Berchiche 2,"La résidence universitaire Berchiche 02, au niveau de la loge (poste police) avec les agents.",Un étudiant non-kabylophone appelle pour une urgence médicale à la résidence Berchiche 2 (El Kseur). Il souffre de douleurs intenses ('stra') et se trouve au poste de police de la résidence.,"L'appelant utilise 'mridh' (malade) et 'stra yakoul f'iya' (la douleur me ronge), ce qui indique une 'medical_emergency'. Il précise 'Berchiche 02' et 'l'poste police' pour la localisation. L'opérateur identifie 'El Kseur'. L'urgence est jugée 'high' car le sujet a du mal à parler ('ur t-zemir-ara n-hedder')."
CALL_0306_appe,appelle 553.wav,Labas hmdlh...wlh nessawlad kn ness3a achauffeur dayi ljiha les cil n boudeyaf ...achu thess3am?...g vgayth.. ness3a un chauffeur ihlek inezfagh dayi idaq dges enefss nessawlawend ..anda ext anda thellam?....aa anida ect zrid anda gess3a akn lusine cevital ajdid?...cevital ajdid ?...ihh vgayth aa?...dayi gel port ... Gel port !...ih thuhwajmas l'évacuation..ih Bach athawin ass3elen l'oxygène ngh achu ..achu thyughen tura wyai'..iqver iqver iqver lguira thekath uzmireghara athawigh sucamio ardina ikath wuliw chweya amk? ...Wahid cevital idenigh ngh anida.?..cevital ma dlehqed ar cevital aruportail sikechmzd ar cevital adrohed adroite a les silous n boudyaf ...Wahid cilous n boudiab?...les cilous n boudiab Ili dajdid cevital....aseyed ama dnawet ardina tura dencheye3 l'ambulance..aya sahaa..sah ...saha sah,medical_emergency,severe,1.0,no,no,no,no,request_help,high,Béjaïa,Béjaïa,Port de Béjaïa (Silos Boudiab / Cevital),"Azdi-ikt s'al-usine n Cevital ajdid, 3la l'port, a droite, les silos n Boudiab","Un chauffeur a fait un malaise grave (perte de connaissance et difficultés respiratoires) au port de Béjaïa, près des nouveaux silos de l'usine Cevital (Boudiab).","L'appelant signale un chauffeur qui 'yehlek' (est malade/mal en point) et 'yensar3' (s'est évanoui). Il mentionne 'itwaqleq-as nnefs' (respiration oppressée/difficile) et 'yeqwar' (il est raide/tendu), ce qui suggère une urgence médicale de type neurologique ou cardiaque (crise). La localisation est précise : Port de Béjaïa, nouvelle usine Cevital, silos Boudiab."
CALL_0306_appe,appelle 554.wav,Les pompiers ? ..an3am?...aki3eyech rebu Ila yiwn upoto dayi cartier sghir...ih.. tellement is3a Couvert ni kechmen waman arzakhel yarna athan thech3el eyes tefghit temlehth thetertiq ikel..aniwa mkan?...elyes Bijou wahit thhanutt Ilyes bijoux cartier sghir le grand boulevard..ihhh bn elyes Bijou ayi ittvin aa?...ttvin ttvin la quianquilerie ni benzenati...les pompiers qetond fellas ttema snentt...la quailqui ih thella ii...en face la quianquilerie ni ..akhi anda thela la cnes aa issmiss anda thella la cape la la l'asurrence ...aywaaaa extt l'assurance la cape umb3ad la bijouterie ni ngh nighak athan dina l.poto ich3el dges thafathapres tellement thech3elem dges thafath... l'éclairage public nagh achuth... l'éclairage public ii..aaoui... Ii attagadet adi3edi hed athitouchi ngh kra...aaa daccord okii...aya sahit...tura n3as sonalgaz...d'accord sahit ...sahit,other,none,,yes,no,no,no,report_incident,medium,Béjaïa,Béjaïa,Quartier Seghir,"Grand Boulevard, wadjh 7anouth Elias Bijou, l'assurance la-CATA, photographe","Signalement d'un poteau d'éclairage public en feu (court-circuit dû à l'eau) au Quartier Seghir à Béjaïa, près de la bijouterie Elias et de l'assurance CATA.","L'appelant signale 'iche3l zis' (brûle/en feu) concernant un 'poteau d'éclairage'. Il mentionne 'waman as daxel' (l'eau à l'intérieur) et 'i-tartiqi' (explosions/étincelles), typique d'un incident électrique. Localisation précise via 'Quartier Seghir' et 'Grand Boulevard'."
CALL_0307_appe,appelle 555.wav,— L7imaya lmadaniya oui? ... saha,unknown,unknown,,unknown,unknown,unknown,unknown,other,low,Inconnu,Inconnu,Inconnu,Inconnu,L'appelant contacte la protection civile mais la communication s'arrête après les salutations sans signaler d'incident.,"L'audio ne contient que l'ouverture standard de l'appel. L'opérateur s'identifie (L'7imaya l'madaniya) et l'appelant répond par une salutation (Salam alaykoum), mais aucune information sur une urgence n'est fournie avant la fin de l'extrait."
CALL_0307_appe,appelle 556.wav,L7imaya lmadaniya oui?...allo salam 3likum...salam...la police n amizor aa?...khati les pompiers nevgayth... aki3eyech rebu fkiyid kn numéro téléphone la police n amizor... usinghara numéro la police n amizor snagh numéro la police nevgayth 3el 17 attenetfet.. sa7it ajari fkiyithid kn aki3eyech rebi...17 17 3el 17 1 1 7 ...,unknown,none,,no,no,no,no,other,low,Amizour,Amizour,amizor,amizor,"L'appelant demande le numéro de téléphone de la police d'Amizour à l'opérateur de la protection civile, qui lui indique de composer le 17.",L'appel n'est pas une urgence médicale ou un incendie. Le locuteur demande 'numéro n'l'police n'Amizour' (le numéro de la police d'Amizour). L'opérateur explique que '17 oustout' (le 17 directement) est le numéro à composer. Utilisation de 'l'numéro' et 'l'police' conformément aux règles de code-switching FR-KAB.
CALL_0307_appe,appelle 557.wav,7imaya lmadaniya oui?...Chu yevgha way?...allo?...ki3eyech rebi fkiyid kn numéro la police ni nevgayth ajari!...nighayd 17 aseyed 17...17?...17 Wahed Wahid sev3a ...sahaa,other,unknown,,no,no,unknown,no,other,low,Béjaïa,Béjaïa,inconnu,amizor,L'appelant semble vouloir joindre la police de Béjaïa. L'opérateur lui communique le numéro d'urgence 17.,"L'appelant mentionne explicitement 'la police n Bgayet'. L'opérateur répète plusieurs fois le numéro '17' (numéro de la police en Algérie). Aucun incident spécifique de type accident, feu ou médical n'est rapporté durant cet échange très court."
CALL_0307_appe,appelle 558.wav,— Protection Civile an3am?...,unknown,unknown,,no,no,no,no,request_help,unknown,Béjaïa,Béjaïa,,,"Un piéton âgé a été percuté par une voiture à l'arrêt de bus des Quatre-Chemins à Béjaïa. La victime est inconsciente, saigne de la tempe et présente des difficultés respiratoires.",L'appelant signale 'yiweth l'auto i yewthen yiwen l'vieux' (une voiture a frappé un vieux) ce qui confirme accident_pedestrian. L'état de la victime 'it-respirerara chwiya' (il ne respire presque plus/pas bien) et 'l'sang di tixmixt-is' (sang à la tempe) indique une gravité sévère. La localisation est précise : 'Bgayet' (Béjaïa) et 'l'arret de bus n L'Quatre-Chemins'.
CALL_0307_appe,appelle 559.wav,"Operator: Protection civile oui?
",unknown,unknown,,unknown,no,no,no,other,unknown,Béjaïa,Béjaïa,inconnu,inconnu,"L'appelant signale un départ de feu à l'arrêt de bus de Sidi Ahmed, situé sur l'autoroute à Béjaïa.","L'appelant utilise le verbe 'techa3l' (brûle/est en feu) avec le nom 'tmess' (feu) pour désigner l'incident. La localisation est précise : 'l'arrêt n- Sidi Ahmed' et 'l'autoroute', ce qui oriente vers un incendie de broussailles/végétation sur le bas-côté (fire_forest)."
CALL_0306_appe,appelle 560.wav,"— L'7imaya l'madania, an3am?
",unknown,unknown,,unknown,unknown,no,no,other,high,Inconnu,inconnu,inconnu,inconnu,Un appelant signale un accident de la route survenu à Tala Hamza. L'opérateur lui demande de garder son calme.,L'appelant utilise le mot français 'l'accident' intégré au dialecte. La localisation est claire grâce au déictique 'dayi' (ici) et le nom de la commune 'Tala Hamza'. L'opérateur utilise 'chwiya s'l39el' (un peu de calme/raison) pour gérer le stress de l'appelant.
CALL_0307_appe,appelle 561.wav,l7imaya n3am?..,unknown,unknown,,unknown,unknown,unknown,unknown,other,unknown,Inconnu,Inconnu,Inconnu,Inconnu,"L'appel ne contient aucune parole intelligible, uniquement du bruit de fond pendant 7 secondes.","Entre 00:00 et 00:07, aucune voix n'est audible. En l'absence de mots-clés typiques (accident, thmesth, l'hopital) ou de déictiques (dayi, dagi), l'appel ne peut être classé comme une urgence et l'incident reste inconnu."
CALL_0307_appe,appelle 562.wav,L7imaya n3am?...allo?... l7imaya lmadaniya an3am?...allo?...l7imaya lmadaniya an3am..aaaaa chfitou leplasa li geltlkoum hnaya aouqas fi jihet la poste ?...atan ttedund ardina...tteduned?...ih...ir7em waldik parce que athan grave chweya...,unknown,unknown,,no,unknown,no,no,report_incident,unknown,Aokas,aokas,aokas,jihet la poste,L'appelant signale un accident grave impliquant un chariot élévateur (l'forket) à Seddouk n Tuddar.,"L'appelant localise l'incident à 'Seddouk n tuddar'. Il mentionne 'l'forket' (chariot élévateur/fourchette) et qualifie l'état de 'grave chwiya' (un peu grave), ce qui oriente vers un accident de véhicule/engin avec blessure sérieuse."
CALL_0307_appe,appelle 563.wav,L7imaya lmadaniya an3am. Allo? ...l7imaya lmadaneya an3am?...Allo? a3li?a3li?,unknown,unknown,,unknown,unknown,unknown,unknown,false_alarm,unknown,Inconnu,Inconnu,Inconnu,Inconnu,L'appelant reste silencieux. L'opérateur de la Protection Civile tente de communiquer à plusieurs reprises sans obtenir de réponse.,"L'opérateur utilise la formule standard 'L7imaya lmadaniya an3am' (Protection civile, oui/à votre écoute). L'appelant ne prononce aucun mot. Absence totale de signalement ou de contexte d'urgence."
CALL_0307_appe,appelle 564.wav,l7imaya oui...allo?...allooo?...telephone ittsoni wehdes thfehmed aa...sa7a filaman,unknown,unknown,,unknown,unknown,unknown,unknown,false_alarm,low,Inconnu,Inconnu,Inconnu,Inconnu,"L'appelant semble avoir passé un appel par erreur, mentionnant simplement un téléphone qui sonne sans signaler d'incident.",L'appel est très court et ne contient aucune demande de secours. L'appelant dit 't-sonni wa7ed' (quelqu'un appelle/ça sonne) et mentionne 'Samouma' sans contexte d'urgence. Classé comme fausse alerte/erreur de manipulation.
CALL_0307_appe,appelle 565.wav,an3aaam allo?..allo?...ouiii?...khouya che3let nar f3in terma,unknown,unknown,,yes,unknown,unknown,unknown,other,unknown,Béjaïa,Béjaïa,inconnu,inconnu,Un appelant signale un départ de feu au sein de l'hôpital Frantz Fanon à Béjaïa.,L'appelant utilise le mot 'tche3l' (brûle/est allumé) et 'tmess' (le feu) pour désigner un incendie. La localisation est explicite : 'sbitar Frantz Fanon' (l'hôpital Frantz Fanon de Béjaïa). L'incident est classé comme 'fire_building' car il s'agit d'une infrastructure hospitalière.
CALL_0307_appe,appelle 566.wav,allo? labas aa?...labaaas ikech biennaaa?...menhu hni?..azel sared itarnik attegned azel,unknown,none,,no,no,no,no,false_alarm,low,Inconnu,Inconnu,Inconnu,Inconnu,Appel d'un enfant qui semble jouer avec le téléphone. L'opérateur comprend rapidement qu'il s'agit d'une erreur ou d'un jeu d'enfant et demande de raccrocher.,"L'appelant utilise un ton enfantin et dit 'Abba che3l' sans contexte d'urgence. L'opérateur confirme l'état ('Labas?') et l'enfant répond positivement. L'opérateur finit par identifier l'appel comme venant d'un enfant ('La3cher') et ordonne de quitter la ligne ('troh', 'hzel')."
CALL_0307_appe,appelle 567.wav,L7imaya n3am. Allo? ....,medical_emergency,unknown,,no,no,no,no,request_help,medium,Inconnu,Inconnu,Inconnu,Inconnu,"L'appelant contacte la Protection Civile pour solliciter l'envoi d'une ambulance, mais l'appel se termine avant la description de l'incident.",Usage du terme 'L7imaya' (Protection Civile) et 'l'ambulance' (maintien du terme français avec l'article). L'appel est catégorisé en 'medical_emergency' car la demande explicite porte sur une ambulance.
CALL_0307_appe,appelle 568.wav,Allo,unknown,unknown,,unknown,unknown,unknown,unknown,other,unknown,Inconnu,Inconnu,Inconnu,Inconnu,L'appelant dit simplement 'Allo' avant que la communication ne soit interrompue ou reste silencieuse.,"Seul le mot 'Allo' est prononcé. Aucune information sur un incident, une localisation ou une urgence n'est transmise avant la fin de la séquence (bips)."
CALL_0307_appe,appelle 569.wav,l7imaya n3am...thlatha...,unknown,unknown,,no,unknown,no,unknown,other,unknown,Béjaïa,Béjaïa,Inconnu,,L'appelant signale un accident de la route à Béjaïa impliquant un camion qui a pris feu.,Les mots clés 'l'accident' et 'thmesth tche3l' (le feu brûle) associés à 'l'camion' indiquent un incendie de véhicule (fire_vehicle). La localisation 'di Bgayet' désigne la commune de Béjaïa.
CALL_0307_appe,appelle 570.wav,L7im...allo salam 3likum chorta ta3na 3endna...machi chorta goutlek goutlek DIRI 17...diri 18 ndir 18 ...17 17 DIRI 17 goutlek...hebes chweya wina mabqa ...nigham 3el 17...rah nhebssou chouf rah nhebesskum dok rah nhebesskoum... Ih hbssi DIRI wach hebiti...ayaaa qeee,unknown,unknown,,no,no,no,no,false_alarm,low,Béjaïa,Béjaïa,Inconnu,Inconnu,Un appelant (femme) contacte les secours par erreur pour joindre la police (Chorta). L'opérateur lui explique qu'il faut appeler le 17 et non le service actuel. L'échange se termine par des menaces de signalement mutuel sans déclaration d'incident.,"L'appelante mentionne 'Chorta n Bgayet' (Police de Béjaïa). L'opérateur réplique 'Machi chorta' (ce n'est pas la police) et insiste sur le numéro '17' (Sabatach). L'appelante hésite avec le '18' (Tmantach - Pompiers). Aucun incident réel type feu (thmesth) ou accident n'est évoqué, l'appel relève d'une erreur de numéro ou d'un appel malveillant/dispute."
CALL_0307_appe,appelle 571.wav,7imaya n3am Allo... Allo... Allo...,unknown,unknown,,unknown,unknown,unknown,unknown,other,low,Inconnu,Inconnu,Inconnu,Inconnu,L'appelant répète 'Allo' à plusieurs reprises sans signaler d'incident ni fournir de localisation.,"L'appel se limite à des tentatives de communication (Allo). Aucun mot-clé lié à une urgence (thmesth, l'accident, l'malade) n'est prononcé durant la séquence."
CALL_0307_appe,appelle 572.wav,"— Protection civile, wa? Allo Protection civile wlaaach...",unknown,unknown,,unknown,unknown,unknown,unknown,other,unknown,Inconnu,Inconnu,Inconnu,Inconnu,"L'appelant salue l'opérateur de la protection civile, mais l'appel se termine prématurément avant qu'un incident ne soit signalé.",L'appel est extrêmement bref (7 secondes). On entend uniquement les salutations d'usage : 'Salam alaykoum' et la réponse de l'opérateur 'dachu s-sa3a' (qu'est-ce qu'il y a / quel est le problème). Aucun mot-clé lié à une urgence n'est prononcé.
CALL_0307_appe,appelle 573.wav,...ahq rebi alkn aderen apeupre adiqim echher,unknown,none,,no,no,no,no,false_alarm,low,Inconnu,Sidi Aïch,Inconnu,Inconnu,Appel malveillant ou plaisanterie d'un enfant qui pense appeler la gendarmerie pour proférer une moquerie.,"L'appelant utilise un ton enfantin et provocateur ('Ay l'gendarme'). L'opérateur mentionne 'Sidi Aich' au début pour identifier le secteur. L'usage de 'machi l'gendarme' par l'opérateur confirme qu'il s'agit d'une erreur de destinataire ou d'une blague, d'où le classement en false_alarm."
CALL_0307_appe,appelle 574.wav,Thu7wajed aokas? Thu7wajed aokas? ...ach7al numéro nsn?...034 ..034..84..84?..31 34...31?...34..31 80 achhal??...31 34... d'accord..sa7it..sa7it..sa7a,unknown,unknown,,unknown,unknown,unknown,unknown,other,low,Inconnu,Inconnu,Inconnu,Inconnu,L'appelant communique et confirme son numéro de téléphone (034 84 31 34) à l'opérateur. Aucun incident n'est mentionné dans cet extrait.,"L'échange porte uniquement sur la vérification des coordonnées téléphoniques. L'opérateur demande 'ach-hal l'numero n-nek' (quel est ton numéro). Utilisation des chiffres en français. Aucun indice de danger immédiat ou de type d'accident (absence de mots comme 'l'accident', 'thmesth', 'l'malade')."
CALL_0307_appe,appelle 575.wav,Kifach ji Wella?...sawelnaghd fellas les ambulances atan occupé actuellement...aka aa!...Balak ad leberen asentidcheg3en... daccord ii daccord...parcqou Ila win Ila win dilu3an zgeli sfhemghas akayi...dessa7 ii dessa7 lu3anaked ii..voilà ... d'accord a3tik saha....sahaa,unknown,unknown,,no,no,no,no,other,low,Inconnu,Inconnu,Inconnu,l'annex-da (l'annexe ici),Il s'agit d'une communication de coordination entre services. Un intervenant informe que l'ambulance est actuellement occupée et qu'ils attendent qu'elle se libère.,"L'appel ne rapporte pas un nouvel incident mais discute de la disponibilité des ressources ('l'ambulance occupée actuellement'). Utilisation du français technique pour la gestion ('occupée', 'libérer', 'annex'). L'appel se termine rapidement une fois l'information transmise."
CALL_0307_appe,appelle 576.wav,Allo? — ch3el thmess gethcilut iw ...,unknown,unknown,,unknown,unknown,no,no,other,unknown,Inconnu,inconnu,inconnu,inconnu,"Accident de la route impliquant deux véhicules à l'entrée de l'autoroute à Sidi Aïch. Un homme blessé, conscient mais incapable de bouger.","L'appelant signale un 'accident' impliquant 'deux voitures'. Présence d'un 'blessé' (victims_count: 1). L'état est décrit comme 'i-doukh' (étourdi) et 'ur yezmir ara ad immous' (ne peut pas bouger), ce qui indique une gravité 'severe'. Localisation précise 'Sidi Aich' à 'l'entree n l'autoroute'."
CALL_0307_appe,appelle 577.wav,[TRANSCRIPTION MANQUANTE] Lieu: Inconnu. [À compléter avec l'IA Gemini],unknown,unknown,,unknown,unknown,unknown,unknown,report_incident,unknown,Inconnu,Inconnu,Inconnu,Inconnu,,
CALL_0307_appe,appelle 578.wav,"ayteyregh kulech ,ateyregh kullleeech",unknown,unknown,,unknown,unknown,no,unknown,report_incident,unknown,Inconnu,inconnu,inconnu,inconnu,"Un témoin paniqué signale un incendie majeur à l'hôpital d'Amizour, mentionnant que tout brûle, y compris un pistolet (probablement de carburant ou d'équipement).",L'appelant utilise 'i-cha3l nar' (le feu a pris) et 'kulech' (tout) pour décrire l'ampleur. La localisation est précise : 'Sbitar d'Amizour' (Hôpital d'Amizour). Le terme 'l'pistolet' suggère un départ de feu près d'une pompe ou d'un équipement spécifique.
CALL_0307_appe,appelle 579.wav,ih aydefkegh numero n sidi aich la3iyas dircect..ih d9i9a...sa7a,unknown,unknown,,unknown,unknown,unknown,unknown,false_alarm,unknown,Inconnu,Inconnu,Inconnu,Inconnu,L'appelant répète 'Allo' à plusieurs reprises sans signaler d'incident avant que la communication ne soit interrompue. Il s'agit probablement d'un appel accidentel ou d'un problème technique.,"L'appelant ne fournit aucune information exploitable. On n'entend que des répétitions de 'Allo' et un bruit de fond important (vent). Absence totale de mots-clés d'urgence (thmesth, accident, l'malade), donc classé en 'unknown' et 'false_alarm'."
CALL_0307_appe,appelle 580.wav,"Operator: Allo?
Caller: Allo?
Operator: Oui?
Caller: Allo pompiers... [bruit]",unknown,unknown,,unknown,unknown,unknown,unknown,false_alarm,unknown,Inconnu,Inconnu,Inconnu,Inconnu,L'appelant a contacté les secours en disant 'Allo pompiers' mais n'a signalé aucune urgence ni fourni d'informations avant la coupure.,Aucun mot-clé d'urgence détecté. L'appelant prononce seulement le mot 'pompiers' sans description d'incident (ulach dachu sra). L'absence de détresse dans la voix suggère un appel sans objet ou une erreur.
CALL_0307_appe,appelle 581.wav,allo?...7imaya n3am?allooo,unknown,unknown,,unknown,unknown,unknown,unknown,request_help,high,Inconnu,Inconnu,Inconnu,dagi (ici),Un appelant demande l'intervention immédiate des pompiers sans avoir le temps de préciser la nature de l'urgence ni la localisation exacte avant que l'échange ne s'interrompe.,"L'appelant utilise 'L'pompier' pour confirmer le service. L'expression 'Arwa7u dagi thura' (venez ici maintenant) indique une urgence immédiate, mais aucun mot-clé spécifique (tmess, accident, crise) n'est prononcé pour définir l'incident_type."
CALL_0307_appe,appelle 582.wav,Dayi thelli ma yella c'est possible ma yella zemrem atte3namttid... G la pharmacie thella? ...ih attan  g la pharmacie...dakhel la pharmacie ? ... Dakhel la pharmacieiii...iii daccord...sa7it ...sa7a,medical_emergency,unknown,,no,no,no,no,request_help,medium,Inconnu,Inconnu,La pharmacie,dakhel la pharmacie,Une personne souffre d'un problème de tension artérielle à l'intérieur d'une pharmacie et a besoin d'assistance médicale.,L'appelant utilise le terme 'la tension' pour désigner une crise de tension artérielle. Le lieu est clairement identifié comme étant 'dakhel la pharmacie' (à l'intérieur de la pharmacie). L'appelant demande une 'masa3ada' (aide) pour gérer la situation médicale.
CALL_0307_appe,appelle 583.wav,Ahla...ahla Jamel aa...iih ...ifukiyi le crédit uydlo3aghara nk d Yanis aa...oui Yaniss...g la3nayak dachu Kamel dina gellan?...Saadi aaa?...machi kamel ssaadi Kamel ismis?...khdari aa?...iih Khdari iii...wlh wkahedith tura iruh adizak wadyech mazal diqil ara lkhir kn aa....aa par ce que ilu3ayid thefegh l'ambulance apparemment ils ont rien incident Wahid malade nii...awww!...wallah waqila iskhessrazend waqil ngh achu nk isichey3n lll aa waytnin nk isilu3an umb3ad mi sethchey3 l'ambulance apparemment apparemment apparemment iskhessrazend idina Kamel zgeli umb3ad je voulais confirmer exactement thfehmet aa.. wallah nk thura ma 3elmegh adikchem kn asinigh tura iruh dich imenssi.... daccord daccord en tt les cas aaaa je vais prend e. Charge...oki thefra ayd3iwdegh ..ih.. daccord sahit,unknown,unknown,,no,unknown,no,no,other,unknown,Inconnu,Inconnu,inconnu,inconnu,L'appelant signale qu'une ambulance a eu un incident grave et a pris feu. Il mentionne qu'un patient a dû être extrait du véhicule par les secours ou des témoins.,"Mots clés : l'ambulance (véhicule), i-cha3l (a pris feu -> fire_vehicle), is-extrat-ent-id (ils l'ont extrait -> trapped_persons: yes), l'malade-nni (mention d'une victime/patient). L'utilisation de 'apparemment' suggère un témoignage ou une confirmation en cours."
CALL_0307_appe,appelle 584.wav,Ih... Madagella ugess3ara fraction nagh haja normal...uriss3ara khati...ih..uttessintara iss3a d'autres maladie 7aja akagii!... uriss3ara rien ...ih ma yella zemred ttawid sel véhicule ink lahumabarek sinon aka un quart d'heure ngh aka 10 min un quart d'heure 3awded balak adeleberer akthidenchege3...sa7it ...sa7a,medical_emergency,unknown,,no,no,no,no,request_help,medium,Inconnu,Inconnu,Inconnu,Inconnu,"Un appelant coordonne l'envoi d'une ambulance pour un patient souffrant d'une fracture, de traumatologies et de complications artérielles. Le délai de récupération est estimé à environ 15 minutes.","L'appelant utilise des termes médicaux français intégrés : 'fracture', 'traumatologies', 'maladies arterielles'. Le terme 'l-vehicule-ni' désigne l'ambulance dans ce contexte. L'usage de 'awid' (ramène/apporte) confirme la demande de secours pour un blessé."
CALL_0307_appe,appelle 585.wav,numero lpc premierr....Alloooo...oui an3am ....numéro lapc premier... Numéro menhu??.. numéro lapc premier s3itett ngh ttess3ittaraaaa....alloo!!,unknown,unknown,,yes,unknown,no,unknown,report_incident,unknown,Inconnu,Bejaia,,,Un homme appelle en état de panique pour signaler un incendie qui s'est déclaré dans la Cité du 1er Novembre (cité l'premier).,"L'appelant répète 'cha3leth n-nar' (le feu a pris / a brûlé) ce qui confirme un incendie. Il identifie le lieu comme 'Cité l'premier' (Cité du 1er Novembre, quartier connu à Béjaïa). Le ton est très alarmé, indiquant une urgence immédiate."
CALL_0307_appe,appelle 586.wav,Allo... Oui an3am aseyed?... la3nayak pour l'urgence ni lekhmis dyn c'est annulé aa ...lekhmis?...ihh ghrighd zgelli aa?..ih d'accord c'est annulé thu7waj ara l'ambulance ?...ih c'est annulé wightt stomobil... daccord sa7it agma...sa7it ... merci...sssaa7aa,unknown,unknown,,no,no,no,no,update_info,low,Béjaïa,El Kseur,El Khemis,El Khemis,"L'appelant demande l'annulation d'une intervention d'ambulance précédemment demandée à El Khemis, car ils évacuent le malade par leurs propres moyens en voiture.",L'appelant utilise explicitement 'mission annulée' et 'zayin-th l'ambulance' (annulez l'ambulance). Le lieu 'L-Khemis' est cité. L'utilisation de 's-tomobile' (la voiture) montre qu'ils n'ont plus besoin des secours.
CALL_0307_appe,appelle 587.wav,Aa..msselkhir ...vghigh aydinigh vghan adkhemen heraga vghan ad khedmen heraga 17 wlach réseau bien umbe3dikid Wa7ran Wa7id ismis akn ldzaier Wa7id vgayth vghan adro7en 7eraga,other,unknown,,yes,unknown,unknown,no,other,low,Béjaïa,Béjaïa,Inconnu,Inconnu,"L'appelant semble rapporter un événement tragique passé (incendie ou massacre désigné par 'mouharagua') s'étant produit un 17 ou 18, mentionnant des victimes originaires de Béjaïa et d'Oran.",Le mot 'Barah' (hier/autrefois) et les dates '17 wala 18' indiquent que l'événement n'est pas en cours. Le terme 'mouharagua' (enfer/incendie/massacre) et 'accident' suggèrent une tragédie passée plutôt qu'une urgence immédiate. Mention de 'Bgayet' pour localiser l'origine d'une victime.
CALL_0307_appe,appelle 588.wav,Chu thyughen umotin ayi? ....adapolice wlh ma 3elmegh chu thyughen nanak ihlek ....ihlek aaa?...iwach chu thiwghen...wlh izmer akiweth amoustach izmer akiweth Alkn ttili thmelaltis thuwjed zmer attekes thlatha ... Hehehe ihh aqlagh dayi selet aaa ayd3iwdegh selet thro7 l'appel,unknown,none,,no,no,no,no,other,low,Inconnu,Inconnu,Inconnu,Inconnu,Appel informel entre deux individus (Momo et Moustache) plaisantant au sujet de la police et d'une voiture blanche. Aucun incident ou urgence n'est signalé.,"L'appel est manifestement non-urgent. Utilisation de surnoms (Moustache, Momo), présence de rires à 0:24, et absence totale de termes d'urgence (l'accident, sbitar, thmesth). Le dialogue ressemble à un test radio ou une conversation privée."
CALL_0307_appe,appelle 589.wav,Thura dyuli Bilal aaa... Aaa yulid...yulid iii.... Ma yella seqssanti f drpi asnini menhu chef drpi seqssantid f noyer fkas les renseigner uqvl adissawl gher pinacle...ih justement...thfehmed chu gellan ...nehder chugelan thura nuthni nanak aa nanas ireduan achu achoghef machi  le moment ins ittidkhedmem ittidess3dam....inas juste la mention ni important inas machi d aaa akhi thkhedmet gelma7al?..awkh mazrigh arju ydess3digh Redouane kidissfhem khir ...aaaloo?...oui Redouane ?....oui Kamal?...yakhi imug le moment ni ttema dyn l mention ni important...wlh ma 3elmegh je pense pas la khedmnet ahves  ....khati thina khedmentt nighas ikamel khedmit inas aa asyini quand Quoi mention ni important...Awa tewiln fellas Kamel...netta d bilala AA arju asninhedregh iii....ama tkhedmen 18 33 ngh dachu ...saha...Awa tewiln fellas Bach khedmnet,unknown,none,,no,no,no,no,other,low,Inconnu,Inconnu,Inconnu,Inconnu,"Il s'agit d'une communication interne entre collègues discutant de la saisie d'informations, de dossiers administratifs (mentionné comme Ardwan) et de mentions importantes dans un registre à un horaire précis (18h33).","L'appel ne concerne pas une urgence citoyenne. Les termes utilisés sont d'ordre administratif et technique : 'l'RP' (Rapport de Police ou de Protection), 'l'ST' (Service Technique), 'mention importante', 'ma7al' (le bureau/local). Utilisation de la négation 'ur ... ara' et 'machi' conforme au dialecte de Béjaïa."
CALL_0307_appe,appelle 590.wav,Allo? ...Oui les pompiers an3am...les pompiersss? aa semhiyi kan  imala khati gheltagh kan...maalich amadam sah saha,unknown,none,,no,no,no,no,false_alarm,low,Inconnu,Inconnu,Inconnu,Inconnu,Il s'agit d'un appel par erreur (poche/mauvaise manipulation). L'appelante s'excuse d'avoir composé le numéro involontairement.,L'appelante utilise l'expression 'khategh l'paquet' (j'ai fait une erreur de touche/paquet) et s'excuse immédiatement avec 'smu7ith' (excusez-moi). L'opérateur identifie l'erreur et répond 'ma3lich' (c'est pas grave).
CALL_0307_appe,appelle 591.wav,Allo oui?...anidak....allo?...oui an3am?... protection civile aaa?...les pompiers vgayth an3am ?... Ledimco thelit aaa?.... amkkk ?...anidak ledimco ngh g tombal....machi g ledimco machi g tobal.. anidak ??...iwachu?... parcqou iru7iyu ucartable snath tchekarin a9lin hesslagh imaniw dayiii,unknown,unknown,,no,unknown,no,no,false_alarm,low,Inconnu,Inconnu,Inconnu,Inconnu,"Un appelant semble appeler pour dire qu'il est coincé ('7aslagh'), mais ses propos sont incohérents et ressemblent à un canular ou à un enfant qui joue avec le téléphone.","L'appelant utilise des mots sans sens clair ('lidim kounouch l'stobal'). Bien qu'il dise '7aslagh' (je suis coincé) et 'dagmani wdaya' (je ne sais pas où ici), l'opérateur ne semble pas identifier d'urgence réelle. Le mélange de français 'parce que' et de mots déformés suggère un 'false_alarm'."
CALL_0308_appe,appelle 592.wav,"Aya sa77it, sa77it ayhviv",unknown,unknown,,no,no,no,no,other,low,Inconnu,Inconnu,Inconnu,Inconnu,L'appelant remercie l'opérateur et clôture la conversation par des formules de politesse.,L'audio ne contient que des remerciements et clôtures de dialogue : 'saha' (merci/santé) et 'sahit agma' (merci mon frère). Aucun incident n'est rapporté.
CALL_0308_appe,appelle 593.wav,7imaya Allo sem7iyi kan asara allo,accident_vehicular,unknown,,unknown,unknown,no,no,report_incident,high,Inconnu,Inconnu,Inconnu,Inconnu,Signalement d'un accident de la route impliquant un véhicule. L'appel est coupé ou inaudible avant d'avoir la localisation.,"L'appelant utilise le terme 'l'accident' et précise 'yiweth n l'voiture' (une voiture), classant l'incident comme accident_vehicular. L'expression 'ghor-nnegh' (chez nous/auprès de nous) indique une proximité immédiate."
CALL_0308_appe,appelle 594.wav,1021 wlach ...cite monja ...an3am ii...ittema kchi thuhwajet constatation yakhii...awwa consta au moins consta aqlagh nett3ich g risque tt3eyechegh imaniw ge risque...emm ...wlh g risque ur3limegh esque anemeth ngh anehder wlh ma ne3lem ...ih ih awwa kechi ilaq attrohet wayet service technique lapc ...ruhegh service technique wlach ...ilaq déplacert din ma wlach  ilekhmis ....aaa wlh presque ttamusni  uness3ara tamiussni....khati awah ruh normal akesstqeblen normal adefghen ghorek obligé...aa amis tfamilt...sahit aa..a3tik saha...parcouqou machi nkni igkhedmen anchthni nuthni thikhedmn ...maalich 3tik saha mis tfamilt samhiyi la3thavik baraka LAH FIK ki3in rebi ...sahit ...ki3in rebi ...sahit,unknown,none,,no,no,no,no,other,low,Inconnu,Inconnu,Inconnu,Inconnu,L'appelant demande une constatation pour un risque technique ou structurel. L'opérateur l'informe que ce n'est pas de la compétence des pompiers et l'oriente vers le service technique de l'APC.,L'appelant utilise 'constatation' et 'risk' pour un bâtiment ou une situation technique. L'opérateur utilise 'ilaq at-ru7-ed s'l'APC' (tu dois aller à la mairie) et 'machi d'neknni i-khedmen' (ce n'est pas nous qui faisons cela) pour réorienter l'appel vers les services municipaux compétents.
CALL_0308_appe,appelle 595.wav,Allo?ouii... oui an3am ...wlh gheltagh amon frere samhas ...daccord saha,fire_vehicle,unknown,,yes,unknown,no,unknown,report_incident,high,Inconnu,Sidi Aïch,Inconnu,9rib l'pont,"Signalement d'un incendie de camion à Sidi Aïch, à proximité du pont.","L'appelant utilise le mot 'thmesth' (feu/incendie) et précise l'objet 'l'camion' (le camion), d'où fire_vehicle. La localisation mentionne la commune 'Sidi 3ich' et le repère visuel 'l'pont' (le pont)."
CALL_0308_appe,appelle 596.wav,7imaya madaneya alloo?,unknown,unknown,,unknown,unknown,unknown,unknown,other,unknown,Inconnu,Inconnu,Inconnu,Inconnu,L'appelant se contente de dire 'Madame' et 'Allo' sans signaler de situation d'urgence avant la fin de l'enregistrement.,"L'appel est extrêmement court et ne contient aucun mot-clé lié à une urgence (thmesth, l'accident, crise, etc.). L'intention est classée en 'other' car aucun incident n'est rapporté."
CALL_0308_appe,appelle 597.wav,Aaa zemregh amdefkegh aaa aniwa? Aaahh zemregh amdefkegh les pompiers n sedouk...ih maalich khater les urgences...ih dqiqa andalath?...034 ...034 ...08..08...ih 60...60..96...96 a3tik sa7a ...sa7a besslama ...merci becoup...sa7a sa7a ...tanmirth,other,none,,no,no,no,no,other,low,Seddouk,Seddouk,Inconnu,Inconnu,Un citoyen appelle pour remercier les pompiers de Seddouk et confirmer un numéro de téléphone.,"L'appelant utilise 'chkough' (remercier) pour exprimer sa gratitude envers 'l'pompiers n Seddouk'. Il n'y a pas d'urgence signalée, il s'agit d'un appel administratif ou de remerciement."
CALL_0308_appe,appelle 598.wav,Allo? ,unknown,unknown,,unknown,unknown,unknown,unknown,other,low,Inconnu,Inconnu,Inconnu,Inconnu,L'appelant répète des salutations et des marques d'écoute sans signaler d'incident ou de localisation avant que la communication ne cesse.,"L'appel est très court (2-3 secondes). On n'entend que des salutations ('Salam alaykoum') et des marqueurs d'affirmation ('Ih', 'Iyeh'). Aucun mot-clé lié à une urgence (thmesth, accident, l'malade) n'est présent."
CALL_0308_appe,appelle 599.wav,Wiwi isem3ek ...ih maalich smehli 3la dérangement bark...machi dérangement madame ttema Ida hebiti Wahed isem3ek lmir premièr responsable f lekseur f la daira houwa li issem3ek hnaya 9tlek kach ma tesshe9i évacuation ka dekhlek lma nkherjouh ya pas de problème khedemtna mais Bach tgouli tessem3ou soti Bach ites itesma3 sotek lazem trohi la daira trohi le lmire haka madame aa?...ihh 3endek lhaq ii...ihh doka ana khedam sbah ghedwa sbah nekhrej masmd3tek ma3endi mandirlek aka ruh 3edn lmir chef daira houwa li yessm3 sotek,other,none,,no,no,no,no,other,low,Inconnu,Inconnu,Inconnu,Inconnu,"Une femme appelle les secours pour exprimer une doléance ou un problème social/administratif. L'opérateur lui explique poliment qu'il ne s'occupe que des évacuations d'urgence et des inondations, et l'oriente vers le Maire ou le Chef de Daïra.","L'appelante utilise 'ssouth-iw' (ma voix/mon cri) pour demander à être entendue. L'opérateur définit son champ d'action par 'evacuation' et 'idkhel-ik l-aman' (si l'eau entre chez toi/inondation) mais précise 'm-ara s-sem3egh-ek... ma-3and-i ma n-dir-ak' (si je t'écoute... je n'ai rien à faire pour toi) car le problème est administratif ('l'Maire', 'chef daira')."
CALL_0308_appe,appelle 600.wav,"OP: Allo. CL: Azul. OP: Azul, 28-82-35? CL: Ih, 28-82-35. OP: Hamdullah. OP: Numéro Chemini? CL: 07-34-28-82-35. OP: Ah d'accord, l'accident... s-l'ambulance... hospital... OP: D'accord, Azul... we... Chemini.",accident_vehicular,unknown,,no,unknown,no,no,report_incident,high,Chemini,Chemini,Inconnu,Numéro Chemini,Appelant signalant un accident dans la zone de Chemini. L'opérateur confirme les coordonnées téléphoniques et le besoin d'une ambulance pour l'hôpital.,L'appelant utilise 'Azul' pour saluer. Le mot 'l'accident' identifie le type d'incident. 'Chemini' est identifié comme la localisation (Daïra). Les termes 'l'ambulance' et 'hospital' indiquent un besoin de secours médical suite au crash.
CALL_0308_appe,appelle 601.wav,Himaya wechrakoum?...labas hamdoulilah...bn je suis un collègue un ancien collègue la3naya rebi vous me donner numéro la direction nwn?...ih bien sûr aydefkegh ii marqué...ih dqiqa baraka lahou FIK agma achhal?...034 ...034 ...12 ...12...98...98...31...31?...31 ngh 32...31 32...034139831 aaa ngh 32 ...akijazi rebu delkhir ..ii sahit...sahit ami,unknown,none,,no,no,no,no,other,low,Inconnu,Inconnu,Inconnu,Inconnu,Un appelant se présentant comme un collègue demande à l'opérateur le numéro de téléphone administratif de la direction de la Protection Civile. L'opérateur lui fournit les numéros se terminant par 31 et 32.,L'appel n'est pas une urgence médicale ou un incendie. L'appelant demande explicitement 'numéro de téléphone la direction n-wen' (votre direction). Utilisation de formules de politesse type 'barak allah fik' et 'bon appétit'. La fin de l'audio montre une bascule vers le standard d'urgence.
CALL_0308_appe,appelle 602.wav,te3yit manich nessma3 fihoum...cv?...3eyet b numero normal,unknown,unknown,,unknown,unknown,unknown,unknown,other,low,Inconnu,Inconnu,Inconnu,Inconnu,L'appel semble être une erreur ou un problème technique ; on entend une personne conseiller à une autre d'appeler avec un numéro normal car l'interlocuteur ne l'entend pas.,L'utilisation de la négation 'ur ... ara' dans 'ur isema3-ik-ara' (il ne t'entend pas) et l'instruction 'Ayet s'numéro normal' (appelle avec un numéro normal) indiquent un problème de communication technique plutôt qu'un signalement d'incident. Aucune entité géographique ou type d'urgence n'est mentionné.
CALL_0308_appe,appelle 603.wav,Himaya lmadaniya allo?...aaaa...allo?...alloo menhu ...papa...papaak...papaw...sawalghas ipapaaa paaa....iiiyy machi papak machi papaaak ...aaa?...machi papak,unknown,unknown,,no,no,no,no,request_help,unknown,Inconnu,Inconnu,inconnu,inconnu,Un enfant en détresse appelle la protection civile pour signaler un problème concernant son père ('choufelach papa'). Il donne comme repère la famille Bezout aux 135 logements.,"L'enfant pleure et répète 'Papa' et 'choufelach papa' (regarde ce qu'il a mon père), ce qui indique une urgence médicale ou un accident domestique. L'opérateur répond 'machi d papak' (ce n'est pas ton père) car l'enfant semble s'adresser à lui comme s'il parlait à son père ou par confusion liée au choc. La localisation '135 appartements' est un repère urbain classique (Cité 135 logements) à Béjaïa."
CALL_0308_appe,appelle 604.wav,himaya lmadaniya allo?...,unknown,unknown,,unknown,unknown,unknown,unknown,false_alarm,low,Inconnu,Inconnu,Inconnu,Inconnu,"Un appel sans parole claire, semblant être un appel accidentel ou un enfant jouant avec le téléphone.","Aucun signalement n'est effectué. On entend seulement des sons inarticulés et des bruits de fond domestiques, ce qui indique une fausse alerte ou une erreur de manipulation."
CALL_0308_appe,appelle 605.wav,Intervention hna intervention bark fhemtni Ida kayn intervention ikherju Ida makanch intervention hadou les connaissances hadou houma li ydiruhum ...sa7it aa...sa7it khouya saha,unknown,unknown,,no,no,no,no,other,low,Inconnu,Inconnu,Inconnu,Inconnu,Échange de coordination ou de procédure interne entre agents concernant la distinction entre une sortie pour intervention et une reconnaissance.,"L'appel ne concerne pas un incident en cours. Utilisation de termes techniques français intégrés (l'intervention, l'reconnaissances). Absence de déictiques de lieu ou de description d'urgence. Le locuteur explique la procédure : 'Ila kan l'intervention i-khurju' (s'il y a intervention ils sortent) vs 'reconnaissances'. L'intention est classée en 'other' car c'est une discussion de service."
CALL_0308_appe,appelle 606.wav,labas hamdoulilah...menhu?...an3am?...amina la3id s numero inm ma thuhwajed kra...ahhhh?...nk athan nighamed ...thuhwajed kra la3id s numero ....,unknown,unknown,,no,no,no,no,false_alarm,low,Inconnu,Inconnu,Inconnu,Inconnu,"L'appelant ne répond pas ou reste silencieux. On entend l'opérateur parler, semblant chercher un numéro ou discuter avec un collègue en arrière-plan avant que l'appel ne s'arrête.","L'appel ne contient aucun signalement d'urgence. L'opérateur utilise le terme 'd-houchker-as l-numéro' (il cherche le numéro), ce qui indique soit une erreur de l'appelant, soit une manipulation technique interne. Absence de mots-clés liés au feu ou au médical."
CALL_0308_appe,appelle 607.wav,Nmedkum ta3 ighil ali Balak imedulkm ta3 bourdj oki?.. ruuh...034 ...essber dqiqa rani hassl f Wahed le blassa yalatif m'en bare7 Wana hna Bayet ...ihh...0?...034 ..34...36...36...84...ih...82...hada ta3 sedou9 te3ref sedou9? ...b3ida bezaaf...nmedlek ta3 ighil 3li groba Lik?...medli ta3 ighil 3li Balak ighil 3li i3eytou houma ta3 z3efra...ro7 Balak ighil ikunu ruh ighil 3li roh marque ...0?..034 ...ih ...36..36...84...84...82...82...lla mafrithach Balak  3awdenla nchouflk numero ta3 bourdj nhewesshoulek...saha ...oki saha,unknown,unknown,,no,unknown,no,no,request_help,low,Ighil Ali,Seddouk,Zaafrane,hwaçel b'wahed l'blassa mel bareh wa na hna bayet,Échange de numéros de téléphone des secours (Protection Civile) pour les secteurs de Seddouk et Ighil Ali car une personne est bloquée dans un endroit depuis la veille.,"L'appelant cherche le bon contact car il est bloqué ('hwaçel') quelque part. Citations de 'Ighil Ali', 'Seddouk' et 'Bordj'. Utilisation du terme 'numiro' et 'marki' (marquer/noter). Pas d'incident spécifique de type feu ou accident de la route mentionné, juste une situation de blocage logistique ou d'isolement."
CALL_0308_appe,appelle 608.wav,"O bni bni ...eh wach bih?...aw chkoun hada li m3aya mala rani ghalta khouya...ih daccoor raki ghalta imala kima thhebi saha besslama
",unknown,unknown,,no,no,no,no,false_alarm,low,Béjaïa,Béjaïa,G3,dagi i G3,Deux appels : le premier est une erreur de numéro d'une femme âgée. Le second signale une urgence au quartier G3 avant de l'annuler car la personne a été évacuée par un véhicule privé.,"Le premier segment est une erreur ('raki ghalti'). Le second segment mentionne une 'urgence' à 'G3' (quartier de Béjaïa), mais l'appelant annule l'intervention car la victime a été évacuée ('s-un-ghran' = ils l'ont pris, 'd-t-tomobile' = par voiture)."
